Entity,Code,Year,CO2 mitigation curves to meet a 2C target
Historical,,1850,2717041000
Historical,,1851,2733435000
Historical,,1852,2760245000
Historical,,1853,2788877000
Historical,,1854,2836878000
Historical,,1855,2849409000
Historical,,1856,2881320000
Historical,,1857,2908238800
Historical,,1858,2932658000
Historical,,1859,2960075000
Historical,,1860,2882419200
Historical,,1861,2865017900
Historical,,1862,2856137000
Historical,,1863,2871880000
Historical,,1864,2893999000
Historical,,1865,2921172000
Historical,,1866,2921889000
Historical,,1867,2946944000
Historical,,1868,2954758000
Historical,,1869,2986048000
Historical,,1870,3251873000
Historical,,1871,3393199900
Historical,,1872,3526413800
Historical,,1873,3638166800
Historical,,1874,3652106000
Historical,,1875,3759901000
Historical,,1876,3815043000
Historical,,1877,3866092000
Historical,,1878,3903910000
Historical,,1879,3975047200
Historical,,1880,4065177000
Historical,,1881,4145073000
Historical,,1882,4229086000
Historical,,1883,4329299000
Historical,,1884,4373441000
Historical,,1885,4410697700
Historical,,1886,4440402000
Historical,,1887,4506260000
Historical,,1888,4637974000
Historical,,1889,4658803000
Historical,,1890,4885135400
Historical,,1891,5043126300
Historical,,1892,5111186000
Historical,,1893,5135068700
Historical,,1894,5226014000
Historical,,1895,5349363700
Historical,,1896,5428233000
Historical,,1897,5538568000
Historical,,1898,5643671000
Historical,,1899,5813436000
Historical,,1900,6053521400
Historical,,1901,6226141700
Historical,,1902,6343285000
Historical,,1903,6592015000
Historical,,1904,6667272000
Historical,,1905,6854428700
Historical,,1906,7003636700
Historical,,1907,7376654300
Historical,,1908,7275637000
Historical,,1909,7421955000
Historical,,1910,7476471000
Historical,,1911,7507427300
Historical,,1912,7612327000
Historical,,1913,7852900000
Historical,,1914,7455626000
Historical,,1915,7374724000
Historical,,1916,7590376000
Historical,,1917,7728275000
Historical,,1918,7676414000
Historical,,1919,7213321000
Historical,,1920,7894786000
Historical,,1921,7572951000
Historical,,1922,7808740400
Historical,,1923,8282990600
Historical,,1924,8329590000
Historical,,1925,8380347400
Historical,,1926,8338773500
Historical,,1927,8694154000
Historical,,1928,8711090000
Historical,,1929,9003256000
Historical,,1930,8907412000
Historical,,1931,8634591000
Historical,,1932,8374579000
Historical,,1933,8645301000
Historical,,1934,9012561000
Historical,,1935,9261991000
Historical,,1936,9704859000
Historical,,1937,10041638000
Historical,,1938,9809198000
Historical,,1939,10057065000
Historical,,1940,10556953000
Historical,,1941,10763668000
Historical,,1942,10761571000
Historical,,1943,10910230000
Historical,,1944,10837807000
Historical,,1945,9948428000
Historical,,1946,10310255000
Historical,,1947,10776959000
Historical,,1948,10986811000
Historical,,1949,10633052000
Historical,,1950,11595249000
Historical,,1951,12234672000
Historical,,1952,12391385000
Historical,,1953,12673365000
Historical,,1954,12922786000
Historical,,1955,13665104000
Historical,,1956,14263379000
Historical,,1957,14624423000
Historical,,1958,14969282000
Historical,,1959,15489945000
Historical,,1960,15397863000
Historical,,1961,15135483000
Historical,,1962,15291398000
Historical,,1963,15624988000
Historical,,1964,15963017000
Historical,,1965,16275063000
Historical,,1966,16636826000
Historical,,1967,16929389000
Historical,,1968,17575582000
Historical,,1969,18451943000
Historical,,1970,19499624000
Historical,,1971,20008593000
Historical,,1972,20614541000
Historical,,1973,21386440000
Historical,,1974,21187664000
Historical,,1975,21082866000
Historical,,1976,21926294000
Historical,,1977,22348884000
Historical,,1978,22883543000
Historical,,1979,23289643000
Historical,,1980,23366100000
Historical,,1981,22902114000
Historical,,1982,22818450000
Historical,,1983,23152292000
Historical,,1984,23842560000
Historical,,1985,24608135000
Historical,,1986,25025180000
Historical,,1987,25824408000
Historical,,1988,26692504000
Historical,,1989,27120986000
Historical,,1990,27510792000
Historical,,1991,27978435000
Historical,,1992,27285318000
Historical,,1993,27526963000
Historical,,1994,27666012000
Historical,,1995,28105650000
Historical,,1996,28738025000
Historical,,1997,30606400000
Historical,,1998,28500500000
Historical,,1999,28711907000
Historical,,2000,30068130000
Historical,,2001,30025267000
Historical,,2002,31271594000
Historical,,2003,32735703000
Historical,,2004,33862724000
Historical,,2005,34412600000
Historical,,2006,35569635000
Historical,,2007,35809665000
Historical,,2008,36752056000
Historical,,2009,37043835000
Historical,,2010,38224527000
Historical,,2011,39188830000
Historical,,2012,40171970000
Historical,,2013,40523657000
Historical,,2014,41303966000
Historical,,2015,41480360000
Historical,,2016,41012740000
Historical,,2017,41193000000
Historical,,2018,42101180000
Historical,,2019,42332380000
Start in 2000,,2000,30068130000
Start in 2000,,2001,30266407000
Start in 2000,,2002,30411070000
Start in 2000,,2003,30505738000
Start in 2000,,2004,30553833000
Start in 2000,,2005,30558601000
Start in 2000,,2006,30523111000
Start in 2000,,2007,30450266000
Start in 2000,,2008,30342814000
Start in 2000,,2009,30203350000
Start in 2000,,2010,30034328000
Start in 2000,,2011,29838066000
Start in 2000,,2012,29616759000
Start in 2000,,2013,29372470000
Start in 2000,,2014,29107147000
Start in 2000,,2015,28822637000
Start in 2000,,2016,28520667000
Start in 2000,,2017,28202873000
Start in 2000,,2018,27870792000
Start in 2000,,2019,27525876000
Start in 2000,,2020,27169483000
Start in 2000,,2021,26802893000
Start in 2000,,2022,26427310000
Start in 2000,,2023,26043863000
Start in 2000,,2024,25653613000
Start in 2000,,2025,25257548000
Start in 2000,,2026,24856603000
Start in 2000,,2027,24451641000
Start in 2000,,2028,24043485000
Start in 2000,,2029,23632890000
Start in 2000,,2030,23220568000
Start in 2000,,2031,22807177000
Start in 2000,,2032,22393334000
Start in 2000,,2033,21979613000
Start in 2000,,2034,21566546000
Start in 2000,,2035,21154623000
Start in 2000,,2036,20744305000
Start in 2000,,2037,20336011000
Start in 2000,,2038,19930132000
Start in 2000,,2039,19527027000
Start in 2000,,2040,19127028000
Start in 2000,,2041,18730430000
Start in 2000,,2042,18337520000
Start in 2000,,2043,17948537000
Start in 2000,,2044,17563722000
Start in 2000,,2045,17183275000
Start in 2000,,2046,16807386000
Start in 2000,,2047,16436220000
Start in 2000,,2048,16069929000
Start in 2000,,2049,15708645000
Start in 2000,,2050,15352484000
Start in 2000,,2051,15001547000
Start in 2000,,2052,14655923000
Start in 2000,,2053,14315686000
Start in 2000,,2054,13980898000
Start in 2000,,2055,13651610000
Start in 2000,,2056,13327860000
Start in 2000,,2057,13009678000
Start in 2000,,2058,12697088000
Start in 2000,,2059,12390098000
Start in 2000,,2060,12088712000
Start in 2000,,2061,11792928000
Start in 2000,,2062,11502732000
Start in 2000,,2063,11218108000
Start in 2000,,2064,10939032000
Start in 2000,,2065,10665474000
Start in 2000,,2066,10397401000
Start in 2000,,2067,10134774000
Start in 2000,,2068,9877548000
Start in 2000,,2069,9625677000
Start in 2000,,2070,9379110000
Start in 2000,,2071,9137791000
Start in 2000,,2072,8901664000
Start in 2000,,2073,8670668000
Start in 2000,,2074,8444743000
Start in 2000,,2075,8223821000
Start in 2000,,2076,8007838000
Start in 2000,,2077,7796723700
Start in 2000,,2078,7590410000
Start in 2000,,2079,7388824000
Start in 2000,,2080,7191895000
Start in 2000,,2081,6999549000
Start in 2000,,2082,6811711000
Start in 2000,,2083,6628308000
Start in 2000,,2084,6449265000
Start in 2000,,2085,6274504000
Start in 2000,,2086,6103952000
Start in 2000,,2087,5937532000
Start in 2000,,2088,5775168000
Start in 2000,,2089,5616784000
Start in 2000,,2090,5462304300
Start in 2000,,2091,5311655000
Start in 2000,,2092,5164759000
Start in 2000,,2093,5021543000
Start in 2000,,2094,4881933300
Start in 2000,,2095,4745855000
Start in 2000,,2096,4613235700
Start in 2000,,2097,4484004000
Start in 2000,,2098,4358087000
Start in 2000,,2099,4235415000
Start in 2000,,2100,4115917300
Start in 2001,,2001,30025267000
Start in 2001,,2002,30149364000
Start in 2001,,2003,30226610000
Start in 2001,,2004,30260180000
Start in 2001,,2005,30253090000
Start in 2001,,2006,30208186000
Start in 2001,,2007,30128170000
Start in 2001,,2008,30015599000
Start in 2001,,2009,29872888000
Start in 2001,,2010,29702328000
Start in 2001,,2011,29506079000
Start in 2001,,2012,29286187000
Start in 2001,,2013,29044580000
Start in 2001,,2014,28783088000
Start in 2001,,2015,28503425000
Start in 2001,,2016,28207220000
Start in 2001,,2017,27896005000
Start in 2001,,2018,27571218000
Start in 2001,,2019,27234224000
Start in 2001,,2020,26886304000
Start in 2001,,2021,26528653000
Start in 2001,,2022,26162416000
Start in 2001,,2023,25788652000
Start in 2001,,2024,25408360000
Start in 2001,,2025,25022476000
Start in 2001,,2026,24631884000
Start in 2001,,2027,24237404000
Start in 2001,,2028,23839807000
Start in 2001,,2029,23439819000
Start in 2001,,2030,23038110000
Start in 2001,,2031,22635307000
Start in 2001,,2032,22232000000
Start in 2001,,2033,21828735000
Start in 2001,,2034,21426020000
Start in 2001,,2035,21024322000
Start in 2001,,2036,20624083000
Start in 2001,,2037,20225706000
Start in 2001,,2038,19829567000
Start in 2001,,2039,19436010000
Start in 2001,,2040,19045351000
Start in 2001,,2041,18657884000
Start in 2001,,2042,18273878000
Start in 2001,,2043,17893575000
Start in 2001,,2044,17517200000
Start in 2001,,2045,17144951000
Start in 2001,,2046,16777014000
Start in 2001,,2047,16413554000
Start in 2001,,2048,16054716000
Start in 2001,,2049,15700633000
Start in 2001,,2050,15351420000
Start in 2001,,2051,15007179000
Start in 2001,,2052,14667999000
Start in 2001,,2053,14333955000
Start in 2001,,2054,14005111000
Start in 2001,,2055,13681521000
Start in 2001,,2056,13363225000
Start in 2001,,2057,13050257000
Start in 2001,,2058,12742645000
Start in 2001,,2059,12440397000
Start in 2001,,2060,12143526000
Start in 2001,,2061,11852029000
Start in 2001,,2062,11565902000
Start in 2001,,2063,11285129000
Start in 2001,,2064,11009695000
Start in 2001,,2065,10739573000
Start in 2001,,2066,10474735000
Start in 2001,,2067,10215144000
Start in 2001,,2068,9960764000
Start in 2001,,2069,9711557000
Start in 2001,,2070,9467469000
Start in 2001,,2071,9228457000
Start in 2001,,2072,8994466000
Start in 2001,,2073,8765443000
Start in 2001,,2074,8541330400
Start in 2001,,2075,8322067500
Start in 2001,,2076,8107593700
Start in 2001,,2077,7897847300
Start in 2001,,2078,7692761000
Start in 2001,,2079,7492270000
Start in 2001,,2080,7296307000
Start in 2001,,2081,7104803300
Start in 2001,,2082,6917689000
Start in 2001,,2083,6734896000
Start in 2001,,2084,6556352000
Start in 2001,,2085,6381987300
Start in 2001,,2086,6211729000
Start in 2001,,2087,6045507000
Start in 2001,,2088,5883248600
Start in 2001,,2089,5724884000
Start in 2001,,2090,5570340400
Start in 2001,,2091,5419546000
Start in 2001,,2092,5272430000
Start in 2001,,2093,5128921000
Start in 2001,,2094,4988950000
Start in 2001,,2095,4852445000
Start in 2001,,2096,4719339000
Start in 2001,,2097,4589561000
Start in 2001,,2098,4463043000
Start in 2001,,2099,4339717600
Start in 2001,,2100,4219518200
Start in 2002,,2002,31271594000
Start in 2002,,2003,31513438000
Start in 2002,,2004,31688395000
Start in 2002,,2005,31801324000
Start in 2002,,2006,31856818000
Start in 2002,,2007,31859202000
Start in 2002,,2008,31812550000
Start in 2002,,2009,31720700000
Start in 2002,,2010,31587260000
Start in 2002,,2011,31415634000
Start in 2002,,2012,31209011000
Start in 2002,,2013,30970400000
Start in 2002,,2014,30702619000
Start in 2002,,2015,30408320000
Start in 2002,,2016,30089990000
Start in 2002,,2017,29749963000
Start in 2002,,2018,29390428000
Start in 2002,,2019,29013432000
Start in 2002,,2020,28620892000
Start in 2002,,2021,28214608000
Start in 2002,,2022,27796253000
Start in 2002,,2023,27367401000
Start in 2002,,2024,26929512000
Start in 2002,,2025,26483954000
Start in 2002,,2026,26031995000
Start in 2002,,2027,25574822000
Start in 2002,,2028,25113537000
Start in 2002,,2029,24649160000
Start in 2002,,2030,24182647000
Start in 2002,,2031,23714871000
Start in 2002,,2032,23246647000
Start in 2002,,2033,22778730000
Start in 2002,,2034,22311813000
Start in 2002,,2035,21846534000
Start in 2002,,2036,21383481000
Start in 2002,,2037,20923197000
Start in 2002,,2038,20466170000
Start in 2002,,2039,20012851000
Start in 2002,,2040,19563653000
Start in 2002,,2041,19118946000
Start in 2002,,2042,18679070000
Start in 2002,,2043,18244327000
Start in 2002,,2044,17814989000
Start in 2002,,2045,17391300000
Start in 2002,,2046,16973477000
Start in 2002,,2047,16561708000
Start in 2002,,2048,16156160000
Start in 2002,,2049,15756978000
Start in 2002,,2050,15364285000
Start in 2002,,2051,14978184000
Start in 2002,,2052,14598765000
Start in 2002,,2053,14226091000
Start in 2002,,2054,13860219000
Start in 2002,,2055,13501186000
Start in 2002,,2056,13149019000
Start in 2002,,2057,12803730000
Start in 2002,,2058,12465320000
Start in 2002,,2059,12133782000
Start in 2002,,2060,11809092000
Start in 2002,,2061,11491227000
Start in 2002,,2062,11180147000
Start in 2002,,2063,10875810000
Start in 2002,,2064,10578164000
Start in 2002,,2065,10287152000
Start in 2002,,2066,10002712000
Start in 2002,,2067,9724772000
Start in 2002,,2068,9453262000
Start in 2002,,2069,9188104000
Start in 2002,,2070,8929219000
Start in 2002,,2071,8676517000
Start in 2002,,2072,8429916000
Start in 2002,,2073,8189323300
Start in 2002,,2074,7954646000
Start in 2002,,2075,7725791000
Start in 2002,,2076,7502661000
Start in 2002,,2077,7285160000
Start in 2002,,2078,7073188000
Start in 2002,,2079,6866646000
Start in 2002,,2080,6665434600
Start in 2002,,2081,6469452000
Start in 2002,,2082,6278597000
Start in 2002,,2083,6092769300
Start in 2002,,2084,5911867400
Start in 2002,,2085,5735791000
Start in 2002,,2086,5564438000
Start in 2002,,2087,5397711000
Start in 2002,,2088,5235507700
Start in 2002,,2089,5077733000
Start in 2002,,2090,4924285000
Start in 2002,,2091,4775069000
Start in 2002,,2092,4629988400
Start in 2002,,2093,4488947700
Start in 2002,,2094,4351853000
Start in 2002,,2095,4218613200
Start in 2002,,2096,4089134300
Start in 2002,,2097,3963327000
Start in 2002,,2098,3841101800
Start in 2002,,2099,3722372000
Start in 2002,,2100,3607051000
Start in 2003,,2003,32735703000
Start in 2003,,2004,33541554000
Start in 2003,,2005,34195622000
Start in 2003,,2006,34710570000
Start in 2003,,2007,35098200000
Start in 2003,,2008,35369510000
Start in 2003,,2009,35534725000
Start in 2003,,2010,35603374000
Start in 2003,,2011,35584307000
Start in 2003,,2012,35485750000
Start in 2003,,2013,35315343000
Start in 2003,,2014,35080176000
Start in 2003,,2015,34786840000
Start in 2003,,2016,34441417000
Start in 2003,,2017,34049565000
Start in 2003,,2018,33616505000
Start in 2003,,2019,33147073000
Start in 2003,,2020,32645732000
Start in 2003,,2021,32116607000
Start in 2003,,2022,31563500000
Start in 2003,,2023,30989908000
Start in 2003,,2024,30399054000
Start in 2003,,2025,29793896000
Start in 2003,,2026,29177154000
Start in 2003,,2027,28551311000
Start in 2003,,2028,27918653000
Start in 2003,,2029,27281256000
Start in 2003,,2030,26641019000
Start in 2003,,2031,25999670000
Start in 2003,,2032,25358776000
Start in 2003,,2033,24719761000
Start in 2003,,2034,24083905000
Start in 2003,,2035,23452367000
Start in 2003,,2036,22826187000
Start in 2003,,2037,22206298000
Start in 2003,,2038,21593524000
Start in 2003,,2039,20988604000
Start in 2003,,2040,20392184000
Start in 2003,,2041,19804834000
Start in 2003,,2042,19227052000
Start in 2003,,2043,18659262000
Start in 2003,,2044,18101830000
Start in 2003,,2045,17555059000
Start in 2003,,2046,17019211000
Start in 2003,,2047,16494482000
Start in 2003,,2048,15981039000
Start in 2003,,2049,15478998000
Start in 2003,,2050,14988446000
Start in 2003,,2051,14509426000
Start in 2003,,2052,14041960000
Start in 2003,,2053,13586038000
Start in 2003,,2054,13141622000
Start in 2003,,2055,12708655000
Start in 2003,,2056,12287057000
Start in 2003,,2057,11876730000
Start in 2003,,2058,11477561000
Start in 2003,,2059,11089419000
Start in 2003,,2060,10712162000
Start in 2003,,2061,10345637000
Start in 2003,,2062,9989679000
Start in 2003,,2063,9644115000
Start in 2003,,2064,9308766000
Start in 2003,,2065,8983443000
Start in 2003,,2066,8667954000
Start in 2003,,2067,8362103300
Start in 2003,,2068,8065688000
Start in 2003,,2069,7778507300
Start in 2003,,2070,7500354000
Start in 2003,,2071,7231021000
Start in 2003,,2072,6970301000
Start in 2003,,2073,6717986300
Start in 2003,,2074,6473869000
Start in 2003,,2075,6237741000
Start in 2003,,2076,6009396000
Start in 2003,,2077,5788630000
Start in 2003,,2078,5575241000
Start in 2003,,2079,5369027000
Start in 2003,,2080,5169789000
Start in 2003,,2081,4977333000
Start in 2003,,2082,4791464000
Start in 2003,,2083,4611993000
Start in 2003,,2084,4438733300
Start in 2003,,2085,4271500000
Start in 2003,,2086,4110113000
Start in 2003,,2087,3954397000
Start in 2003,,2088,3804176100
Start in 2003,,2089,3659283000
Start in 2003,,2090,3519550200
Start in 2003,,2091,3384815000
Start in 2003,,2092,3254920000
Start in 2003,,2093,3129710000
Start in 2003,,2094,3009034000
Start in 2003,,2095,2892744200
Start in 2003,,2096,2780695800
Start in 2003,,2097,2672751900
Start in 2003,,2098,2568774000
Start in 2003,,2099,2468630000
Start in 2003,,2100,2372191000
Start in 2004,,2004,33862724000
Start in 2004,,2005,34845737000
Start in 2004,,2006,35638206000
Start in 2004,,2007,36257130000
Start in 2004,,2008,36718250000
Start in 2004,,2009,37036160000
Start in 2004,,2010,37224360000
Start in 2004,,2011,37295354000
Start in 2004,,2012,37260685000
Start in 2004,,2013,37131030000
Start in 2004,,2014,36916250000
Start in 2004,,2015,36625437000
Start in 2004,,2016,36266970000
Start in 2004,,2017,35848585000
Start in 2004,,2018,35377380000
Start in 2004,,2019,34859893000
Start in 2004,,2020,34302128000
Start in 2004,,2021,33709590000
Start in 2004,,2022,33087334000
Start in 2004,,2023,32439976000
Start in 2004,,2024,31771742000
Start in 2004,,2025,31086490000
Start in 2004,,2026,30387732000
Start in 2004,,2027,29678672000
Start in 2004,,2028,28962214000
Start in 2004,,2029,28240990000
Start in 2004,,2030,27517383000
Start in 2004,,2031,26793548000
Start in 2004,,2032,26071417000
Start in 2004,,2033,25352729000
Start in 2004,,2034,24639035000
Start in 2004,,2035,23931724000
Start in 2004,,2036,23232025000
Start in 2004,,2037,22541025000
Start in 2004,,2038,21859676000
Start in 2004,,2039,21188815000
Start in 2004,,2040,20529162000
Start in 2004,,2041,19881337000
Start in 2004,,2042,19245870000
Start in 2004,,2043,18623197000
Start in 2004,,2044,18013686000
Start in 2004,,2045,17417630000
Start in 2004,,2046,16835253000
Start in 2004,,2047,16266723000
Start in 2004,,2048,15712160000
Start in 2004,,2049,15171627000
Start in 2004,,2050,14645149000
Start in 2004,,2051,14132705000
Start in 2004,,2052,13634249000
Start in 2004,,2053,13149694000
Start in 2004,,2054,12678928000
Start in 2004,,2055,12221814000
Start in 2004,,2056,11778193000
Start in 2004,,2057,11347885000
Start in 2004,,2058,10930693000
Start in 2004,,2059,10526408000
Start in 2004,,2060,10134801000
Start in 2004,,2061,9755642000
Start in 2004,,2062,9388683000
Start in 2004,,2063,9033673000
Start in 2004,,2064,8690350000
Start in 2004,,2065,8358455000
Start in 2004,,2066,8037718000
Start in 2004,,2067,7727869000
Start in 2004,,2068,7428637000
Start in 2004,,2069,7139748400
Start in 2004,,2070,6860930000
Start in 2004,,2071,6591910000
Start in 2004,,2072,6332419000
Start in 2004,,2073,6082188300
Start in 2004,,2074,5840949000
Start in 2004,,2075,5608441000
Start in 2004,,2076,5384402000
Start in 2004,,2077,5168576000
Start in 2004,,2078,4960712000
Start in 2004,,2079,4760560000
Start in 2004,,2080,4567877600
Start in 2004,,2081,4382424600
Start in 2004,,2082,4203969000
Start in 2004,,2083,4032279000
Start in 2004,,2084,3867132000
Start in 2004,,2085,3708309000
Start in 2004,,2086,3555595000
Start in 2004,,2087,3408782800
Start in 2004,,2088,3267669000
Start in 2004,,2089,3132056000
Start in 2004,,2090,3001750000
Start in 2004,,2091,2876565000
Start in 2004,,2092,2756318200
Start in 2004,,2093,2640832000
Start in 2004,,2094,2529936100
Start in 2004,,2095,2423463200
Start in 2004,,2096,2321252000
Start in 2004,,2097,2223144000
Start in 2004,,2098,2128990000
Start in 2004,,2099,2038640000
Start in 2004,,2100,1951954000
Start in 2005,,2005,34412600000
Start in 2005,,2006,35371463000
Start in 2005,,2007,36134290000
Start in 2005,,2008,36719055000
Start in 2005,,2009,37142376000
Start in 2005,,2010,37419620000
Start in 2005,,2011,37564970000
Start in 2005,,2012,37591536000
Start in 2005,,2013,37511418000
Start in 2005,,2014,37335757000
Start in 2005,,2015,37074825000
Start in 2005,,2016,36738077000
Start in 2005,,2017,36334207000
Start in 2005,,2018,35871207000
Start in 2005,,2019,35356420000
Start in 2005,,2020,34796560000
Start in 2005,,2021,34197803000
Start in 2005,,2022,33565784000
Start in 2005,,2023,32905662000
Start in 2005,,2024,32222134000
Start in 2005,,2025,31519492000
Start in 2005,,2026,30801637000
Start in 2005,,2027,30072111000
Start in 2005,,2028,29334127000
Start in 2005,,2029,28590594000
Start in 2005,,2030,27844133000
Start in 2005,,2031,27097113000
Start in 2005,,2032,26351655000
Start in 2005,,2033,25609658000
Start in 2005,,2034,24872827000
Start in 2005,,2035,24142666000
Start in 2005,,2036,23420510000
Start in 2005,,2037,22707538000
Start in 2005,,2038,22004783000
Start in 2005,,2039,21313140000
Start in 2005,,2040,20633387000
Start in 2005,,2041,19966181000
Start in 2005,,2042,19312087000
Start in 2005,,2043,18671569000
Start in 2005,,2044,18045010000
Start in 2005,,2045,17432711000
Start in 2005,,2046,16834906000
Start in 2005,,2047,16251765000
Start in 2005,,2048,15683398000
Start in 2005,,2049,15129863000
Start in 2005,,2050,14591174000
Start in 2005,,2051,14067298000
Start in 2005,,2052,13558170000
Start in 2005,,2053,13063682000
Start in 2005,,2054,12583710000
Start in 2005,,2055,12118090000
Start in 2005,,2056,11666640000
Start in 2005,,2057,11229159000
Start in 2005,,2058,10805425000
Start in 2005,,2059,10395203000
Start in 2005,,2060,9998244000
Start in 2005,,2061,9614287000
Start in 2005,,2062,9243060000
Start in 2005,,2063,8884290000
Start in 2005,,2064,8537692000
Start in 2005,,2065,8202977300
Start in 2005,,2066,7879854000
Start in 2005,,2067,7568030700
Start in 2005,,2068,7267212000
Start in 2005,,2069,6977101000
Start in 2005,,2070,6697406000
Start in 2005,,2071,6427832300
Start in 2005,,2072,6168089000
Start in 2005,,2073,5917888000
Start in 2005,,2074,5676944000
Start in 2005,,2075,5444975000
Start in 2005,,2076,5221704000
Start in 2005,,2077,5006856700
Start in 2005,,2078,4800166000
Start in 2005,,2079,4601368000
Start in 2005,,2080,4410203000
Start in 2005,,2081,4226418000
Start in 2005,,2082,4049767000
Start in 2005,,2083,3880007000
Start in 2005,,2084,3716902100
Start in 2005,,2085,3560221000
Start in 2005,,2086,3409740000
Start in 2005,,2087,3265240000
Start in 2005,,2088,3126508000
Start in 2005,,2089,2993336800
Start in 2005,,2090,2865526000
Start in 2005,,2091,2742880000
Start in 2005,,2092,2625207800
Start in 2005,,2093,2512327000
Start in 2005,,2094,2404057900
Start in 2005,,2095,2300228000
Start in 2005,,2096,2200671000
Start in 2005,,2097,2105222900
Start in 2005,,2098,2013727900
Start in 2005,,2099,1926033000
Start in 2005,,2100,1841993000
Start in 2006,,2006,35569635000
Start in 2006,,2007,36634542000
Start in 2006,,2008,37470450000
Start in 2006,,2009,38099575000
Start in 2006,,2010,38542356000
Start in 2006,,2011,38817608000
Start in 2006,,2012,38942614000
Start in 2006,,2013,38933254000
Start in 2006,,2014,38804115000
Start in 2006,,2015,38568570000
Start in 2006,,2016,38238867000
Start in 2006,,2017,37826236000
Start in 2006,,2018,37340926000
Start in 2006,,2019,36792330000
Start in 2006,,2020,36188987000
Start in 2006,,2021,35538706000
Start in 2006,,2022,34848590000
Start in 2006,,2023,34125090000
Start in 2006,,2024,33374069000
Start in 2006,,2025,32600838000
Start in 2006,,2026,31810198000
Start in 2006,,2027,31006490000
Start in 2006,,2028,30193623000
Start in 2006,,2029,29375110000
Start in 2006,,2030,28554100000
Start in 2006,,2031,27733414000
Start in 2006,,2032,26915561000
Start in 2006,,2033,26102776000
Start in 2006,,2034,25297025000
Start in 2006,,2035,24500052000
Start in 2006,,2036,23713374000
Start in 2006,,2037,22938323000
Start in 2006,,2038,22176040000
Start in 2006,,2039,21427507000
Start in 2006,,2040,20693560000
Start in 2006,,2041,19974896000
Start in 2006,,2042,19272086000
Start in 2006,,2043,18585598000
Start in 2006,,2044,17915793000
Start in 2006,,2045,17262940000
Start in 2006,,2046,16627232000
Start in 2006,,2047,16008782000
Start in 2006,,2048,15407643000
Start in 2006,,2049,14823800000
Start in 2006,,2050,14257197000
Start in 2006,,2051,13707721000
Start in 2006,,2052,13175224000
Start in 2006,,2053,12659518000
Start in 2006,,2054,12160386000
Start in 2006,,2055,11677580000
Start in 2006,,2056,11210832000
Start in 2006,,2057,10759849000
Start in 2006,,2058,10324322000
Start in 2006,,2059,9903932000
Start in 2006,,2060,9498341000
Start in 2006,,2061,9107208000
Start in 2006,,2062,8730175000
Start in 2006,,2063,8366891000
Start in 2006,,2064,8016989700
Start in 2006,,2065,7680110000
Start in 2006,,2066,7355886000
Start in 2006,,2067,7043952000
Start in 2006,,2068,6743946000
Start in 2006,,2069,6455506000
Start in 2006,,2070,6178276000
Start in 2006,,2071,5911901000
Start in 2006,,2072,5656031000
Start in 2006,,2073,5410324000
Start in 2006,,2074,5174441000
Start in 2006,,2075,4948049000
Start in 2006,,2076,4730824000
Start in 2006,,2077,4522446300
Start in 2006,,2078,4322604000
Start in 2006,,2079,4130994000
Start in 2006,,2080,3947318000
Start in 2006,,2081,3771287000
Start in 2006,,2082,3602619000
Start in 2006,,2083,3441040100
Start in 2006,,2084,3286284000
Start in 2006,,2085,3138092000
Start in 2006,,2086,2996213000
Start in 2006,,2087,2860403000
Start in 2006,,2088,2730427100
Start in 2006,,2089,2606056000
Start in 2006,,2090,2487068000
Start in 2006,,2091,2373250000
Start in 2006,,2092,2264396000
Start in 2006,,2093,2160305000
Start in 2006,,2094,2060784100
Start in 2006,,2095,1965647000
Start in 2006,,2096,1874715000
Start in 2006,,2097,1787814900
Start in 2006,,2098,1704779000
Start in 2006,,2099,1625446000
Start in 2006,,2100,1549662000
Start in 2007,,2007,35809665000
Start in 2007,,2008,36665920000
Start in 2007,,2009,37319580000
Start in 2007,,2010,37790340000
Start in 2007,,2011,38096350000
Start in 2007,,2012,38254310000
Start in 2007,,2013,38279590000
Start in 2007,,2014,38186303000
Start in 2007,,2015,37987420000
Start in 2007,,2016,37694845000
Start in 2007,,2017,37319487000
Start in 2007,,2018,36871340000
Start in 2007,,2019,36359550000
Start in 2007,,2020,35792480000
Start in 2007,,2021,35177750000
Start in 2007,,2022,34522330000
Start in 2007,,2023,33832554000
Start in 2007,,2024,33114190000
Start in 2007,,2025,32372464000
Start in 2007,,2026,31612127000
Start in 2007,,2027,30837471000
Start in 2007,,2028,30052370000
Start in 2007,,2029,29260320000
Start in 2007,,2030,28464462000
Start in 2007,,2031,27667610000
Start in 2007,,2032,26872285000
Start in 2007,,2033,26080730000
Start in 2007,,2034,25294934000
Start in 2007,,2035,24516663000
Start in 2007,,2036,23747467000
Start in 2007,,2037,22988704000
Start in 2007,,2038,22241548000
Start in 2007,,2039,21507025000
Start in 2007,,2040,20786004000
Start in 2007,,2041,20079223000
Start in 2007,,2042,19387296000
Start in 2007,,2043,18710730000
Start in 2007,,2044,18049930000
Start in 2007,,2045,17405204000
Start in 2007,,2046,16776787000
Start in 2007,,2047,16164835000
Start in 2007,,2048,15569440000
Start in 2007,,2049,14990630000
Start in 2007,,2050,14428383000
Start in 2007,,2051,13882629000
Start in 2007,,2052,13353254000
Start in 2007,,2053,12840109000
Start in 2007,,2054,12343010000
Start in 2007,,2055,11861744000
Start in 2007,,2056,11396073000
Start in 2007,,2057,10945739000
Start in 2007,,2058,10510463000
Start in 2007,,2059,10089952000
Start in 2007,,2060,9683898000
Start in 2007,,2061,9291984000
Start in 2007,,2062,8913882000
Start in 2007,,2063,8549259300
Start in 2007,,2064,8197776000
Start in 2007,,2065,7859091000
Start in 2007,,2066,7532860000
Start in 2007,,2067,7218738000
Start in 2007,,2068,6916379000
Start in 2007,,2069,6625439000
Start in 2007,,2070,6345579000
Start in 2007,,2071,6076459000
Start in 2007,,2072,5817744000
Start in 2007,,2073,5569104400
Start in 2007,,2074,5330214000
Start in 2007,,2075,5100753000
Start in 2007,,2076,4880407000
Start in 2007,,2077,4668867000
Start in 2007,,2078,4465832400
Start in 2007,,2079,4271006200
Start in 2007,,2080,4084099800
Start in 2007,,2081,3904833000
Start in 2007,,2082,3732929000
Start in 2007,,2083,3568120800
Start in 2007,,2084,3410149000
Start in 2007,,2085,3258758100
Start in 2007,,2086,3113705000
Start in 2007,,2087,2974748000
Start in 2007,,2088,2841656000
Start in 2007,,2089,2714205000
Start in 2007,,2090,2592177000
Start in 2007,,2091,2475361000
Start in 2007,,2092,2363552000
Start in 2007,,2093,2256554000
Start in 2007,,2094,2154174200
Start in 2007,,2095,2056230000
Start in 2007,,2096,1962543000
Start in 2007,,2097,1872941000
Start in 2007,,2098,1787258000
Start in 2007,,2099,1705333000
Start in 2007,,2100,1627014000
Start in 2008,,2008,36752056000
Start in 2008,,2009,37466665000
Start in 2008,,2010,37987377000
Start in 2008,,2011,38333590000
Start in 2008,,2012,38523150000
Start in 2008,,2013,38572438000
Start in 2008,,2014,38496510000
Start in 2008,,2015,38309170000
Start in 2008,,2016,38023074000
Start in 2008,,2017,37649826000
Start in 2008,,2018,37200020000
Start in 2008,,2019,36683360000
Start in 2008,,2020,36108694000
Start in 2008,,2021,35484094000
Start in 2008,,2022,34816913000
Start in 2008,,2023,34113841000
Start in 2008,,2024,33380958000
Start in 2008,,2025,32623768000
Start in 2008,,2026,31847258000
Start in 2008,,2027,31055940000
Start in 2008,,2028,30253871000
Start in 2008,,2029,29444714000
Start in 2008,,2030,28631753000
Start in 2008,,2031,27817923000
Start in 2008,,2032,27005850000
Start in 2008,,2033,26197864000
Start in 2008,,2034,25396038000
Start in 2008,,2035,24602196000
Start in 2008,,2036,23817935000
Start in 2008,,2037,23044657000
Start in 2008,,2038,22283573000
Start in 2008,,2039,21535730000
Start in 2008,,2040,20802013000
Start in 2008,,2041,20083175000
Start in 2008,,2042,19379835000
Start in 2008,,2043,18692500000
Start in 2008,,2044,18021570000
Start in 2008,,2045,17367353000
Start in 2008,,2046,16730070000
Start in 2008,,2047,16109867000
Start in 2008,,2048,15506821000
Start in 2008,,2049,14920946000
Start in 2008,,2050,14352199000
Start in 2008,,2051,13800494000
Start in 2008,,2052,13265699000
Start in 2008,,2053,12747639000
Start in 2008,,2054,12246114000
Start in 2008,,2055,11760891000
Start in 2008,,2056,11291709000
Start in 2008,,2057,10838288000
Start in 2008,,2058,10400328000
Start in 2008,,2059,9977516000
Start in 2008,,2060,9569523000
Start in 2008,,2061,9176012000
Start in 2008,,2062,8796635000
Start in 2008,,2063,8431039000
Start in 2008,,2064,8078867000
Start in 2008,,2065,7739759000
Start in 2008,,2066,7413352000
Start in 2008,,2067,7099285000
Start in 2008,,2068,6797195000
Start in 2008,,2069,6506724000
Start in 2008,,2070,6227514000
Start in 2008,,2071,5959212500
Start in 2008,,2072,5701473300
Start in 2008,,2073,5453950000
Start in 2008,,2074,5216304600
Start in 2008,,2075,4988207000
Start in 2008,,2076,4769329000
Start in 2008,,2077,4559353000
Start in 2008,,2078,4357966000
Start in 2008,,2079,4164863200
Start in 2008,,2080,3979746000
Start in 2008,,2081,3802326000
Start in 2008,,2082,3632318000
Start in 2008,,2083,3469449000
Start in 2008,,2084,3313451000
Start in 2008,,2085,3164063000
Start in 2008,,2086,3021034000
Start in 2008,,2087,2884118000
Start in 2008,,2088,2753079800
Start in 2008,,2089,2627688000
Start in 2008,,2090,2507721000
Start in 2008,,2091,2392962800
Start in 2008,,2092,2283206000
Start in 2008,,2093,2178250000
Start in 2008,,2094,2077900900
Start in 2008,,2095,1981969900
Start in 2008,,2096,1890278000
Start in 2008,,2097,1802649000
Start in 2008,,2098,1718916100
Start in 2008,,2099,1638916000
Start in 2008,,2100,1562494100
Start in 2009,,2009,37043835000
Start in 2009,,2010,37636985000
Start in 2009,,2011,38047433000
Start in 2009,,2012,38293787000
Start in 2009,,2013,38393140000
Start in 2009,,2014,38361190000
Start in 2009,,2015,38212340000
Start in 2009,,2016,37959786000
Start in 2009,,2017,37615610000
Start in 2009,,2018,37190880000
Start in 2009,,2019,36695687000
Start in 2009,,2020,36139266000
Start in 2009,,2021,35530030000
Start in 2009,,2022,34875646000
Start in 2009,,2023,34183076000
Start in 2009,,2024,33458657000
Start in 2009,,2025,32708130000
Start in 2009,,2026,31936692000
Start in 2009,,2027,31149046000
Start in 2009,,2028,30349423000
Start in 2009,,2029,29541640000
Start in 2009,,2030,28729117000
Start in 2009,,2031,27914924000
Start in 2009,,2032,27101794000
Start in 2009,,2033,26292167000
Start in 2009,,2034,25488200000
Start in 2009,,2035,24691800000
Start in 2009,,2036,23904640000
Start in 2009,,2037,23128189000
Start in 2009,,2038,22363711000
Start in 2009,,2039,21612308000
Start in 2009,,2040,20874908000
Start in 2009,,2041,20152306000
Start in 2009,,2042,19445152000
Start in 2009,,2043,18753987000
Start in 2009,,2044,18079236000
Start in 2009,,2045,17421230000
Start in 2009,,2046,16780212000
Start in 2009,,2047,16156343000
Start in 2009,,2048,15549713000
Start in 2009,,2049,14960347000
Start in 2009,,2050,14388215000
Start in 2009,,2051,13833236000
Start in 2009,,2052,13295286000
Start in 2009,,2053,12774194000
Start in 2009,,2054,12269763000
Start in 2009,,2055,11781760000
Start in 2009,,2056,11309928000
Start in 2009,,2057,10853986000
Start in 2009,,2058,10413637000
Start in 2009,,2059,9988560000
Start in 2009,,2060,9578430000
Start in 2009,,2061,9182904000
Start in 2009,,2062,8801634000
Start in 2009,,2063,8434264000
Start in 2009,,2064,8080432000
Start in 2009,,2065,7739775000
Start in 2009,,2066,7411928000
Start in 2009,,2067,7096523000
Start in 2009,,2068,6793196000
Start in 2009,,2069,6501584000
Start in 2009,,2070,6221325000
Start in 2009,,2071,5952063000
Start in 2009,,2072,5693445000
Start in 2009,,2073,5445125000
Start in 2009,,2074,5206758000
Start in 2009,,2075,4978010000
Start in 2009,,2076,4758552000
Start in 2009,,2077,4548059000
Start in 2009,,2078,4346217000
Start in 2009,,2079,4152716000
Start in 2009,,2080,3967256000
Start in 2009,,2081,3789542000
Start in 2009,,2082,3619290000
Start in 2009,,2083,3456220000
Start in 2009,,2084,3300062000
Start in 2009,,2085,3150553900
Start in 2009,,2086,3007441200
Start in 2009,,2087,2870475000
Start in 2009,,2088,2739415800
Start in 2009,,2089,2614033000
Start in 2009,,2090,2494101000
Start in 2009,,2091,2379403000
Start in 2009,,2092,2269729000
Start in 2009,,2093,2164875000
Start in 2009,,2094,2064646900
Start in 2009,,2095,1968853900
Start in 2009,,2096,1877313900
Start in 2009,,2097,1789852000
Start in 2009,,2098,1706298000
Start in 2009,,2099,1626487900
Start in 2009,,2100,1550265000
Start in 2010,,2010,38224527000
Start in 2010,,2011,38848260000
Start in 2010,,2012,39265124000
Start in 2010,,2013,39497376000
Start in 2010,,2014,39565353000
Start in 2010,,2015,39487650000
Start in 2010,,2016,39281226000
Start in 2010,,2017,38961553000
Start in 2010,,2018,38542720000
Start in 2010,,2019,38037550000
Start in 2010,,2020,37457695000
Start in 2010,,2021,36813740000
Start in 2010,,2022,36115260000
Start in 2010,,2023,35370950000
Start in 2010,,2024,34588650000
Start in 2010,,2025,33775448000
Start in 2010,,2026,32937710000
Start in 2010,,2027,32081168000
Start in 2010,,2028,31210967000
Start in 2010,,2029,30331701000
Start in 2010,,2030,29447475000
Start in 2010,,2031,28561936000
Start in 2010,,2032,27678325000
Start in 2010,,2033,26799497000
Start in 2010,,2034,25927970000
Start in 2010,,2035,25065943000
Start in 2010,,2036,24215330000
Start in 2010,,2037,23377793000
Start in 2010,,2038,22554747000
Start in 2010,,2039,21747403000
Start in 2010,,2040,20956776000
Start in 2010,,2041,20183704000
Start in 2010,,2042,19428870000
Start in 2010,,2043,18692817000
Start in 2010,,2044,17975958000
Start in 2010,,2045,17278589000
Start in 2010,,2046,16600910000
Start in 2010,,2047,15943026000
Start in 2010,,2048,15304961000
Start in 2010,,2049,14686670000
Start in 2010,,2050,14088038000
Start in 2010,,2051,13508902000
Start in 2010,,2052,12949046000
Start in 2010,,2053,12408210000
Start in 2010,,2054,11886103000
Start in 2010,,2055,11382396000
Start in 2010,,2056,10896737000
Start in 2010,,2057,10428750000
Start in 2010,,2058,9978040000
Start in 2010,,2059,9544202000
Start in 2010,,2060,9126811000
Start in 2010,,2061,8725438000
Start in 2010,,2062,8339647500
Start in 2010,,2063,7968997000
Start in 2010,,2064,7613045000
Start in 2010,,2065,7271347000
Start in 2010,,2066,6943460000
Start in 2010,,2067,6628945000
Start in 2010,,2068,6327365600
Start in 2010,,2069,6038292000
Start in 2010,,2070,5761297400
Start in 2010,,2071,5495962000
Start in 2010,,2072,5241876000
Start in 2010,,2073,4998635500
Start in 2010,,2074,4765847000
Start in 2010,,2075,4543122000
Start in 2010,,2076,4330084000
Start in 2010,,2077,4126366200
Start in 2010,,2078,3931611100
Start in 2010,,2079,3745469200
Start in 2010,,2080,3567602000
Start in 2010,,2081,3397683000
Start in 2010,,2082,3235393000
Start in 2010,,2083,3080422000
Start in 2010,,2084,2932473900
Start in 2010,,2085,2791256800
Start in 2010,,2086,2656495000
Start in 2010,,2087,2527915000
Start in 2010,,2088,2405259000
Start in 2010,,2089,2288274200
Start in 2010,,2090,2176720000
Start in 2010,,2091,2070361000
Start in 2010,,2092,1968974000
Start in 2010,,2093,1872342900
Start in 2010,,2094,1780258000
Start in 2010,,2095,1692521000
Start in 2010,,2096,1608938000
Start in 2010,,2097,1529325000
Start in 2010,,2098,1453505000
Start in 2010,,2099,1381306100
Start in 2010,,2100,1312567000
Start in 2011,,2011,39188830000
Start in 2011,,2012,39835046000
Start in 2011,,2013,40251190000
Start in 2011,,2014,40463266000
Start in 2011,,2015,40494936000
Start in 2011,,2016,40367720000
Start in 2011,,2017,40101155000
Start in 2011,,2018,39712977000
Start in 2011,,2019,39219270000
Start in 2011,,2020,38634566000
Start in 2011,,2021,37972034000
Start in 2011,,2022,37243540000
Start in 2011,,2023,36459780000
Start in 2011,,2024,35630390000
Start in 2011,,2025,34764020000
Start in 2011,,2026,33868423000
Start in 2011,,2027,32950534000
Start in 2011,,2028,32016544000
Start in 2011,,2029,31071957000
Start in 2011,,2030,30121665000
Start in 2011,,2031,29169990000
Start in 2011,,2032,28220744000
Start in 2011,,2033,27277270000
Start in 2011,,2034,26342490000
Start in 2011,,2035,25418942000
Start in 2011,,2036,24508813000
Start in 2011,,2037,23613983000
Start in 2011,,2038,22736040000
Start in 2011,,2039,21876326000
Start in 2011,,2040,21035942000
Start in 2011,,2041,20215792000
Start in 2011,,2042,19416588000
Start in 2011,,2043,18638880000
Start in 2011,,2044,17883066000
Start in 2011,,2045,17149416000
Start in 2011,,2046,16438082000
Start in 2011,,2047,15749111000
Start in 2011,,2048,15082460000
Start in 2011,,2049,14438004000
Start in 2011,,2050,13815549000
Start in 2011,,2051,13214842000
Start in 2011,,2052,12635573000
Start in 2011,,2053,12077391000
Start in 2011,,2054,11539902000
Start in 2011,,2055,11022686000
Start in 2011,,2056,10525289000
Start in 2011,,2057,10047242000
Start in 2011,,2058,9588052000
Start in 2011,,2059,9147217000
Start in 2011,,2060,8724225000
Start in 2011,,2061,8318554000
Start in 2011,,2062,7929681000
Start in 2011,,2063,7557081000
Start in 2011,,2064,7200229400
Start in 2011,,2065,6858602000
Start in 2011,,2066,6531683000
Start in 2011,,2067,6218960000
Start in 2011,,2068,5919928300
Start in 2011,,2069,5634090000
Start in 2011,,2070,5360957000
Start in 2011,,2071,5100054000
Start in 2011,,2072,4850911000
Start in 2011,,2073,4613072000
Start in 2011,,2074,4386092000
Start in 2011,,2075,4169539000
Start in 2011,,2076,3962991000
Start in 2011,,2077,3766038800
Start in 2011,,2078,3578286800
Start in 2011,,2079,3399349000
Start in 2011,,2080,3228854000
Start in 2011,,2081,3066443000
Start in 2011,,2082,2911768000
Start in 2011,,2083,2764493000
Start in 2011,,2084,2624295000
Start in 2011,,2085,2490861800
Start in 2011,,2086,2363893000
Start in 2011,,2087,2243100000
Start in 2011,,2088,2128204200
Start in 2011,,2089,2018938100
Start in 2011,,2090,1915046000
Start in 2011,,2091,1816280000
Start in 2011,,2092,1722404000
Start in 2011,,2093,1633192000
Start in 2011,,2094,1548425000
Start in 2011,,2095,1467894000
Start in 2011,,2096,1391401100
Start in 2011,,2097,1318753900
Start in 2011,,2098,1249769000
Start in 2011,,2099,1184272000
Start in 2011,,2100,1122096000
Start in 2012,,2012,40171970000
Start in 2012,,2013,40939057000
Start in 2012,,2014,41430495000
Start in 2012,,2015,41679300000
Start in 2012,,2016,41715310000
Start in 2012,,2017,41565503000
Start in 2012,,2018,41254216000
Start in 2012,,2019,40803380000
Start in 2012,,2020,40232760000
Start in 2012,,2021,39560090000
Start in 2012,,2022,38801310000
Start in 2012,,2023,37970686000
Start in 2012,,2024,37080990000
Start in 2012,,2025,36143620000
Start in 2012,,2026,35168720000
Start in 2012,,2027,34165318000
Start in 2012,,2028,33141395000
Start in 2012,,2029,32104026000
Start in 2012,,2030,31059425000
Start in 2012,,2031,30013057000
Start in 2012,,2032,28969691000
Start in 2012,,2033,27933475000
Start in 2012,,2034,26908002000
Start in 2012,,2035,25896356000
Start in 2012,,2036,24901173000
Start in 2012,,2037,23924670000
Start in 2012,,2038,22968717000
Start in 2012,,2039,22034842000
Start in 2012,,2040,21124289000
Start in 2012,,2041,20238041000
Start in 2012,,2042,19376849000
Start in 2012,,2043,18541259000
Start in 2012,,2044,17731641000
Start in 2012,,2045,16948200000
Start in 2012,,2046,16191002000
Start in 2012,,2047,15459988000
Start in 2012,,2048,14755002000
Start in 2012,,2049,14075784000
Start in 2012,,2050,13422004000
Start in 2012,,2051,12793256000
Start in 2012,,2052,12189082000
Start in 2012,,2053,11608971000
Start in 2012,,2054,11052380000
Start in 2012,,2055,10518729000
Start in 2012,,2056,10007409000
Start in 2012,,2057,9517794000
Start in 2012,,2058,9049248000
Start in 2012,,2059,8601117000
Start in 2012,,2060,8172748000
Start in 2012,,2061,7763481000
Start in 2012,,2062,7372660000
Start in 2012,,2063,6999630000
Start in 2012,,2064,6643746000
Start in 2012,,2065,6304366000
Start in 2012,,2066,5980861400
Start in 2012,,2067,5672614000
Start in 2012,,2068,5379017700
Start in 2012,,2069,5099480000
Start in 2012,,2070,4833424000
Start in 2012,,2071,4580286000
Start in 2012,,2072,4339520000
Start in 2012,,2073,4110593800
Start in 2012,,2074,3892993000
Start in 2012,,2075,3686219000
Start in 2012,,2076,3489790000
Start in 2012,,2077,3303241000
Start in 2012,,2078,3126122000
Start in 2012,,2079,2958002200
Start in 2012,,2080,2798462000
Start in 2012,,2081,2647103000
Start in 2012,,2082,2503539200
Start in 2012,,2083,2367401000
Start in 2012,,2084,2238332200
Start in 2012,,2085,2115993000
Start in 2012,,2086,2000056000
Start in 2012,,2087,1890210000
Start in 2012,,2088,1786156000
Start in 2012,,2089,1687606000
Start in 2012,,2090,1594288000
Start in 2012,,2091,1505940000
Start in 2012,,2092,1422312100
Start in 2012,,2093,1343166000
Start in 2012,,2094,1268273900
Start in 2012,,2095,1197420000
Start in 2012,,2096,1130396000
Start in 2012,,2097,1067005060
Start in 2012,,2098,1007060030
Start in 2012,,2099,950381000
Start in 2012,,2100,896799040
Start in 2013,,2013,40523657000
Start in 2013,,2014,41245390000
Start in 2013,,2015,41683837000
Start in 2013,,2016,41874043000
Start in 2013,,2017,41847590000
Start in 2013,,2018,41632944000
Start in 2013,,2019,41255686000
Start in 2013,,2020,40738820000
Start in 2013,,2021,40102957000
Start in 2013,,2022,39366586000
Start in 2013,,2023,38546207000
Start in 2013,,2024,37656570000
Start in 2013,,2025,36710810000
Start in 2013,,2026,35720598000
Start in 2013,,2027,34696274000
Start in 2013,,2028,33646995000
Start in 2013,,2029,32580830000
Start in 2013,,2030,31504871000
Start in 2013,,2031,30425326000
Start in 2013,,2032,29347607000
Start in 2013,,2033,28276410000
Start in 2013,,2034,27215794000
Start in 2013,,2035,26169225000
Start in 2013,,2036,25139665000
Start in 2013,,2037,24129602000
Start in 2013,,2038,23141116000
Start in 2013,,2039,22175908000
Start in 2013,,2040,21235356000
Start in 2013,,2041,20320545000
Start in 2013,,2042,19432298000
Start in 2013,,2043,18571207000
Start in 2013,,2044,17737669000
Start in 2013,,2045,16931894000
Start in 2013,,2046,16153946000
Start in 2013,,2047,15403743000
Start in 2013,,2048,14681099000
Start in 2013,,2049,13985717000
Start in 2013,,2050,13317216000
Start in 2013,,2051,12675144000
Start in 2013,,2052,12058983000
Start in 2013,,2053,11468170000
Start in 2013,,2054,10902094000
Start in 2013,,2055,10360113000
Start in 2013,,2056,9841560000
Start in 2013,,2057,9345743000
Start in 2013,,2058,8871962000
Start in 2013,,2059,8419504000
Start in 2013,,2060,7987654000
Start in 2013,,2061,7575694300
Start in 2013,,2062,7182910000
Start in 2013,,2063,6808594400
Start in 2013,,2064,6452044000
Start in 2013,,2065,6112570000
Start in 2013,,2066,5789495000
Start in 2013,,2067,5482152000
Start in 2013,,2068,5189892600
Start in 2013,,2069,4912084000
Start in 2013,,2070,4648107000
Start in 2013,,2071,4397362000
Start in 2013,,2072,4159267800
Start in 2013,,2073,3933260000
Start in 2013,,2074,3718793000
Start in 2013,,2075,3515340000
Start in 2013,,2076,3322392800
Start in 2013,,2077,3139462000
Start in 2013,,2078,2966074000
Start in 2013,,2079,2801775000
Start in 2013,,2080,2646130200
Start in 2013,,2081,2498720000
Start in 2013,,2082,2359142100
Start in 2013,,2083,2227013000
Start in 2013,,2084,2101962100
Start in 2013,,2085,1983638000
Start in 2013,,2086,1871702000
Start in 2013,,2087,1765832000
Start in 2013,,2088,1665719000
Start in 2013,,2089,1571069000
Start in 2013,,2090,1481601000
Start in 2013,,2091,1397047000
Start in 2013,,2092,1317152000
Start in 2013,,2093,1241672100
Start in 2013,,2094,1170376000
Start in 2013,,2095,1103044100
Start in 2013,,2096,1039464000
Start in 2013,,2097,979438000
Start in 2013,,2098,922776000
Start in 2013,,2099,869298000
Start in 2013,,2100,818831040
Start in 2014,,2014,41303966000
Start in 2014,,2015,42015134000
Start in 2014,,2016,42420535000
Start in 2014,,2017,42559770000
Start in 2014,,2018,42468356000
Start in 2014,,2019,42178142000
Start in 2014,,2020,41717625000
Start in 2014,,2021,41112265000
Start in 2014,,2022,40384790000
Start in 2014,,2023,39555430000
Start in 2014,,2024,38642170000
Start in 2014,,2025,37660987000
Start in 2014,,2026,36625994000
Start in 2014,,2027,35549660000
Start in 2014,,2028,34442965000
Start in 2014,,2029,33315547000
Start in 2014,,2030,32175840000
Start in 2014,,2031,31031171000
Start in 2014,,2032,29887922000
Start in 2014,,2033,28751580000
Start in 2014,,2034,27626860000
Start in 2014,,2035,26517772000
Start in 2014,,2036,25427708000
Start in 2014,,2037,24359502000
Start in 2014,,2038,23315489000
Start in 2014,,2039,22297573000
Start in 2014,,2040,21307265000
Start in 2014,,2041,20345735000
Start in 2014,,2042,19413848000
Start in 2014,,2043,18512208000
Start in 2014,,2044,17641180000
Start in 2014,,2045,16800934000
Start in 2014,,2046,15991460000
Start in 2014,,2047,15212596000
Start in 2014,,2048,14464051000
Start in 2014,,2049,13745423000
Start in 2014,,2050,13056215000
Start in 2014,,2051,12395853000
Start in 2014,,2052,11763694000
Start in 2014,,2053,11159046000
Start in 2014,,2054,10581173000
Start in 2014,,2055,10029306000
Start in 2014,,2056,9502649000
Start in 2014,,2057,9000393000
Start in 2014,,2058,8521716000
Start in 2014,,2059,8065789400
Start in 2014,,2060,7631786000
Start in 2014,,2061,7218880000
Start in 2014,,2062,6826255000
Start in 2014,,2063,6453105000
Start in 2014,,2064,6098635300
Start in 2014,,2065,5762065000
Start in 2014,,2066,5442636000
Start in 2014,,2067,5139602400
Start in 2014,,2068,4852240000
Start in 2014,,2069,4579847700
Start in 2014,,2070,4321741300
Start in 2014,,2071,4077261800
Start in 2014,,2072,3845770000
Start in 2014,,2073,3626651100
Start in 2014,,2074,3419310000
Start in 2014,,2075,3223177000
Start in 2014,,2076,3037700900
Start in 2014,,2077,2862354000
Start in 2014,,2078,2696631800
Start in 2014,,2079,2540046800
Start in 2014,,2080,2392137000
Start in 2014,,2081,2252455000
Start in 2014,,2082,2120577200
Start in 2014,,2083,1996098000
Start in 2014,,2084,1878629000
Start in 2014,,2085,1767799900
Start in 2014,,2086,1663260000
Start in 2014,,2087,1564672900
Start in 2014,,2088,1471718000
Start in 2014,,2089,1384093000
Start in 2014,,2090,1301507000
Start in 2014,,2091,1223685000
Start in 2014,,2092,1150367000
Start in 2014,,2093,1081303900
Start in 2014,,2094,1016260030
Start in 2014,,2095,955013000
Start in 2014,,2096,897350000
Start in 2014,,2097,843069950
Start in 2014,,2098,791983040
Start in 2014,,2099,743909000
Start in 2014,,2100,698676000
Start in 2015,,2015,41480360000
Start in 2015,,2016,42006480000
Start in 2015,,2017,42248806000
Start in 2015,,2018,42244990000
Start in 2015,,2019,42028757000
Start in 2015,,2020,41630286000
Start in 2015,,2021,41076548000
Start in 2015,,2022,40391602000
Start in 2015,,2023,39596863000
Start in 2015,,2024,38711378000
Start in 2015,,2025,37752033000
Start in 2015,,2026,36733784000
Start in 2015,,2027,35669828000
Start in 2015,,2028,34571790000
Start in 2015,,2029,33449867000
Start in 2015,,2030,32312992000
Start in 2015,,2031,31168942000
Start in 2015,,2032,30024462000
Start in 2015,,2033,28885381000
Start in 2015,,2034,27756704000
Start in 2015,,2035,26642694000
Start in 2015,,2036,25546957000
Start in 2015,,2037,24472513000
Start in 2015,,2038,23421864000
Start in 2015,,2039,22397045000
Start in 2015,,2040,21399685000
Start in 2015,,2041,20431049000
Start in 2015,,2042,19492088000
Start in 2015,,2043,18583470000
Start in 2015,,2044,17705617000
Start in 2015,,2045,16858746000
Start in 2015,,2046,16042875000
Start in 2015,,2047,15257880000
Start in 2015,,2048,14503481000
Start in 2015,,2049,13779295000
Start in 2015,,2050,13084833000
Start in 2015,,2051,12419525000
Start in 2015,,2052,11782731000
Start in 2015,,2053,11173757000
Start in 2015,,2054,10591862000
Start in 2015,,2055,10036271000
Start in 2015,,2056,9506181000
Start in 2015,,2057,9000773000
Start in 2015,,2058,8519211500
Start in 2015,,2059,8060661000
Start in 2015,,2060,7624281000
Start in 2015,,2061,7209233000
Start in 2015,,2062,6814689300
Start in 2015,,2063,6439829000
Start in 2015,,2064,6083847000
Start in 2015,,2065,5745952300
Start in 2015,,2066,5425370000
Start in 2015,,2067,5121345000
Start in 2015,,2068,4833144300
Start in 2015,,2069,4560051000
Start in 2015,,2070,4301373000
Start in 2015,,2071,4056440800
Start in 2015,,2072,3824607000
Start in 2015,,2073,3605245200
Start in 2015,,2074,3397752000
Start in 2015,,2075,3201550000
Start in 2015,,2076,3016081200
Start in 2015,,2077,2840810000
Start in 2015,,2078,2675223000
Start in 2015,,2079,2518830000
Start in 2015,,2080,2371157800
Start in 2015,,2081,2231759000
Start in 2015,,2082,2100202100
Start in 2015,,2083,1976076000
Start in 2015,,2084,1858988000
Start in 2015,,2085,1748566000
Start in 2015,,2086,1644453000
Start in 2015,,2087,1546309000
Start in 2015,,2088,1453812000
Start in 2015,,2089,1366655000
Start in 2015,,2090,1284546000
Start in 2015,,2091,1207206900
Start in 2015,,2092,1134375000
Start in 2015,,2093,1065799000
Start in 2015,,2094,1001243000
Start in 2015,,2095,940482050
Start in 2015,,2096,883301000
Start in 2015,,2097,829499000
Start in 2015,,2098,778884000
Start in 2015,,2099,731275000
Start in 2015,,2100,686500030
Start in 2016,,2016,41012740000
Start in 2016,,2017,41284096000
Start in 2016,,2018,41318030000
Start in 2016,,2019,41146350000
Start in 2016,,2020,40797573000
Start in 2016,,2021,40297247000
Start in 2016,,2022,39668200000
Start in 2016,,2023,38930838000
Start in 2016,,2024,38103327000
Start in 2016,,2025,37201830000
Start in 2016,,2026,36240700000
Start in 2016,,2027,35232637000
Start in 2016,,2028,34188870000
Start in 2016,,2029,33119281000
Start in 2016,,2030,32032560000
Start in 2016,,2031,30936291000
Start in 2016,,2032,29837100000
Start in 2016,,2033,28740727000
Start in 2016,,2034,27652127000
Start in 2016,,2035,26575553000
Start in 2016,,2036,25514619000
Start in 2016,,2037,24472388000
Start in 2016,,2038,23451408000
Start in 2016,,2039,22453789000
Start in 2016,,2040,21481236000
Start in 2016,,2041,20535110000
Start in 2016,,2042,19616453000
Start in 2016,,2043,18726042000
Start in 2016,,2044,17864400000
Start in 2016,,2045,17031849000
Start in 2016,,2046,16228523000
Start in 2016,,2047,15454396000
Start in 2016,,2048,14709303000
Start in 2016,,2049,13992960000
Start in 2016,,2050,13304983000
Start in 2016,,2051,12644896000
Start in 2016,,2052,12012161000
Start in 2016,,2053,11406171000
Start in 2016,,2054,10826273000
Start in 2016,,2055,10271778000
Start in 2016,,2056,9741962000
Start in 2016,,2057,9236081000
Start in 2016,,2058,8753372000
Start in 2016,,2059,8293065000
Start in 2016,,2060,7854384000
Start in 2016,,2061,7436551000
Start in 2016,,2062,7038793000
Start in 2016,,2063,6660340700
Start in 2016,,2064,6300437000
Start in 2016,,2065,5958336000
Start in 2016,,2066,5633305000
Start in 2016,,2067,5324627000
Start in 2016,,2068,5031602700
Start in 2016,,2069,4753549300
Start in 2016,,2070,4489805300
Start in 2016,,2071,4239725000
Start in 2016,,2072,4002688000
Start in 2016,,2073,3778091000
Start in 2016,,2074,3565350100
Start in 2016,,2075,3363905800
Start in 2016,,2076,3173217000
Start in 2016,,2077,2992763100
Start in 2016,,2078,2822045200
Start in 2016,,2079,2660579800
Start in 2016,,2080,2507911000
Start in 2016,,2081,2363594000
Start in 2016,,2082,2227209200
Start in 2016,,2083,2098349000
Start in 2016,,2084,1976630000
Start in 2016,,2085,1861682000
Start in 2016,,2086,1753152000
Start in 2016,,2087,1650705000
Start in 2016,,2088,1554019000
Start in 2016,,2089,1462790900
Start in 2016,,2090,1376728000
Start in 2016,,2091,1295554000
Start in 2016,,2092,1219006000
Start in 2016,,2093,1146832900
Start in 2016,,2094,1078798100
Start in 2016,,2095,1014673900
Start in 2016,,2096,954247000
Start in 2016,,2097,897313000
Start in 2016,,2098,843678000
Start in 2016,,2099,793160000
Start in 2016,,2100,745585000
Start in 2017,,2017,41193000000
Start in 2017,,2018,41270650000
Start in 2017,,2019,41134817000
Start in 2017,,2020,40815070000
Start in 2017,,2021,40337875000
Start in 2017,,2022,39726880000
Start in 2017,,2023,39003200000
Start in 2017,,2024,38185644000
Start in 2017,,2025,37290940000
Start in 2017,,2026,36333933000
Start in 2017,,2027,35327750000
Start in 2017,,2028,34284003000
Start in 2017,,2029,33212914000
Start in 2017,,2030,32123440000
Start in 2017,,2031,31023432000
Start in 2017,,2032,29919726000
Start in 2017,,2033,28818250000
Start in 2017,,2034,27724118000
Start in 2017,,2035,26641717000
Start in 2017,,2036,25574785000
Start in 2017,,2037,24526473000
Start in 2017,,2038,23499418000
Start in 2017,,2039,22495795000
Start in 2017,,2040,21517367000
Start in 2017,,2041,20565537000
Start in 2017,,2042,19641383000
Start in 2017,,2043,18745709000
Start in 2017,,2044,17879063000
Start in 2017,,2045,17041779000
Start in 2017,,2046,16233999000
Start in 2017,,2047,15455706000
Start in 2017,,2048,14706736000
Start in 2017,,2049,13986803000
Start in 2017,,2050,13295518000
Start in 2017,,2051,12632403000
Start in 2017,,2052,11996909000
Start in 2017,,2053,11388419000
Start in 2017,,2054,10806274000
Start in 2017,,2055,10249771000
Start in 2017,,2056,9718177000
Start in 2017,,2057,9210734000
Start in 2017,,2058,8726669000
Start in 2017,,2059,8265198600
Start in 2017,,2060,7825536000
Start in 2017,,2061,7406891000
Start in 2017,,2062,7008478000
Start in 2017,,2063,6629517300
Start in 2017,,2064,6269241000
Start in 2017,,2065,5926893000
Start in 2017,,2066,5601729000
Start in 2017,,2067,5293023000
Start in 2017,,2068,5000066000
Start in 2017,,2069,4722167000
Start in 2017,,2070,4458654700
Start in 2017,,2071,4208879000
Start in 2017,,2072,3972208000
Start in 2017,,2073,3748033000
Start in 2017,,2074,3535764000
Start in 2017,,2075,3334835000
Start in 2017,,2076,3144697900
Start in 2017,,2077,2964829000
Start in 2017,,2078,2794723000
Start in 2017,,2079,2633893000
Start in 2017,,2080,2481877000
Start in 2017,,2081,2338229000
Start in 2017,,2082,2202522000
Start in 2017,,2083,2074350100
Start in 2017,,2084,1953323000
Start in 2017,,2085,1839069000
Start in 2017,,2086,1731233900
Start in 2017,,2087,1629478000
Start in 2017,,2088,1533481000
Start in 2017,,2089,1442934000
Start in 2017,,2090,1357545000
Start in 2017,,2091,1277035900
Start in 2017,,2092,1201143000
Start in 2017,,2093,1129614000
Start in 2017,,2094,1062210000
Start in 2017,,2095,998704000
Start in 2017,,2096,938882000
Start in 2017,,2097,882538940
Start in 2017,,2098,829480000
Start in 2017,,2099,779523000
Start in 2017,,2100,732494000
Start in 2018,,2018,42101180000
Start in 2018,,2019,42173555000
Start in 2018,,2020,42003796000
Start in 2018,,2021,41627410000
Start in 2018,,2022,41075966000
Start in 2018,,2023,40377490000
Start in 2018,,2024,39556813000
Start in 2018,,2025,38635893000
Start in 2018,,2026,37634105000
Start in 2018,,2027,36568506000
Start in 2018,,2028,35454050000
Start in 2018,,2029,34303857000
Start in 2018,,2030,33129333000
Start in 2018,,2031,31940418000
Start in 2018,,2032,30745700000
Start in 2018,,2033,29552572000
Start in 2018,,2034,28367368000
Start in 2018,,2035,27195470000
Start in 2018,,2036,26041414000
Start in 2018,,2037,24909003000
Start in 2018,,2038,23801367000
Start in 2018,,2039,22721057000
Start in 2018,,2040,21670110000
Start in 2018,,2041,20650107000
Start in 2018,,2042,19662240000
Start in 2018,,2043,18707347000
Start in 2018,,2044,17785973000
Start in 2018,,2045,16898392000
Start in 2018,,2046,16044659000
Start in 2018,,2047,15224634000
Start in 2018,,2048,14438011000
Start in 2018,,2049,13684344000
Start in 2018,,2050,12963071000
Start in 2018,,2051,12273531000
Start in 2018,,2052,11614982000
Start in 2018,,2053,10986621000
Start in 2018,,2054,10387590000
Start in 2018,,2055,9816993000
Start in 2018,,2056,9273907000
Start in 2018,,2057,8757391000
Start in 2018,,2058,8266488300
Start in 2018,,2059,7800240000
Start in 2018,,2060,7357689000
Start in 2018,,2061,6937883600
Start in 2018,,2062,6539886000
Start in 2018,,2063,6162768000
Start in 2018,,2064,5805621000
Start in 2018,,2065,5467557000
Start in 2018,,2066,5147710000
Start in 2018,,2067,4845236700
Start in 2018,,2068,4559319000
Start in 2018,,2069,4289165000
Start in 2018,,2070,4034008000
Start in 2018,,2071,3793110000
Start in 2018,,2072,3565758000
Start in 2018,,2073,3351269000
Start in 2018,,2074,3148984000
Start in 2018,,2075,2958273800
Start in 2018,,2076,2778532900
Start in 2018,,2077,2609183000
Start in 2018,,2078,2449672000
Start in 2018,,2079,2299470800
Start in 2018,,2080,2158078000
Start in 2018,,2081,2025010000
Start in 2018,,2082,1899812000
Start in 2018,,2083,1782047000
Start in 2018,,2084,1671302000
Start in 2018,,2085,1567182000
Start in 2018,,2086,1469315100
Start in 2018,,2087,1377346000
Start in 2018,,2088,1290937000
Start in 2018,,2089,1209770000
Start in 2018,,2090,1133543000
Start in 2018,,2091,1061969000
Start in 2018,,2092,994777000
Start in 2018,,2093,931711040
Start in 2018,,2094,872528960
Start in 2018,,2095,817000000
Start in 2018,,2096,764909950
Start in 2018,,2097,716053000
Start in 2018,,2098,670235000
Start in 2018,,2099,627276000
Start in 2018,,2100,587003000
Start in 2019,,2019,42332380000
Start in 2019,,2020,42394640000
Start in 2019,,2021,42194792000
Start in 2019,,2022,41772958000
Start in 2019,,2023,41164610000
Start in 2019,,2024,40401084000
Start in 2019,,2025,39509963000
Start in 2019,,2026,38515524000
Start in 2019,,2027,37439025000
Start in 2019,,2028,36299084000
Start in 2019,,2029,35111916000
Start in 2019,,2030,33891617000
Start in 2019,,2031,32650383000
Start in 2019,,2032,31398724000
Start in 2019,,2033,30145657000
Start in 2019,,2034,28898863000
Start in 2019,,2035,27664847000
Start in 2019,,2036,26449074000
Start in 2019,,2037,25256083000
Start in 2019,,2038,24089606000
Start in 2019,,2039,22952667000
Start in 2019,,2040,21847658000
Start in 2019,,2041,20776428000
Start in 2019,,2042,19740353000
Start in 2019,,2043,18740390000
Start in 2019,,2044,17777142000
Start in 2019,,2045,16850901000
Start in 2019,,2046,15961694000
Start in 2019,,2047,15109331000
Start in 2019,,2048,14293420000
Start in 2019,,2049,13513417000
Start in 2019,,2050,12768639000
Start in 2019,,2051,12058301000
Start in 2019,,2052,11381523000
Start in 2019,,2053,10737360000
Start in 2019,,2054,10124809000
Start in 2019,,2055,9542831000
Start in 2019,,2056,8990356000
Start in 2019,,2057,8466299000
Start in 2019,,2058,7969564700
Start in 2019,,2059,7499060000
Start in 2019,,2060,7053695000
Start in 2019,,2061,6632392700
Start in 2019,,2062,6234094000
Start in 2019,,2063,5857758000
Start in 2019,,2064,5502368000
Start in 2019,,2065,5166933000
Start in 2019,,2066,4850490000
Start in 2019,,2067,4552108000
Start in 2019,,2068,4270883000
Start in 2019,,2069,4005945000
Start in 2019,,2070,3756456000
Start in 2019,,2071,3521610000
Start in 2019,,2072,3300632800
Start in 2019,,2073,3092783900
Start in 2019,,2074,2897353000
Start in 2019,,2075,2713661000
Start in 2019,,2076,2541060900
Start in 2019,,2077,2378935000
Start in 2019,,2078,2226695200
Start in 2019,,2079,2083781000
Start in 2019,,2080,1949661000
Start in 2019,,2081,1823828000
Start in 2019,,2082,1705803000
Start in 2019,,2083,1595130000
Start in 2019,,2084,1491377000
Start in 2019,,2085,1394135000
Start in 2019,,2086,1303019000
Start in 2019,,2087,1217661000
Start in 2019,,2088,1137715000
Start in 2019,,2089,1062855940
Start in 2019,,2090,992773000
Start in 2019,,2091,927176000
Start in 2019,,2092,865789000
Start in 2019,,2093,808354940
Start in 2019,,2094,754627000
Start in 2019,,2095,704377000
Start in 2019,,2096,657387970
Start in 2019,,2097,613455000
Start in 2019,,2098,572388000
Start in 2019,,2099,534003970
Start in 2019,,2100,498136000
Start in 2020,,2020,42332380000
Start in 2020,,2021,42433516000
Start in 2020,,2022,42242494000
Start in 2020,,2023,41805810000
Start in 2020,,2024,41164386000
Start in 2020,,2025,40354110000
Start in 2020,,2026,39406424000
Start in 2020,,2027,38348796000
Start in 2020,,2028,37205144000
Start in 2020,,2029,35996246000
Start in 2020,,2030,34740097000
Start in 2020,,2031,33452190000
Start in 2020,,2032,32145848000
Start in 2020,,2033,30832431000
Start in 2020,,2034,29521598000
Start in 2020,,2035,28221490000
Start in 2020,,2036,26938910000
Start in 2020,,2037,25679507000
Start in 2020,,2038,24447896000
Start in 2020,,2039,23247792000
Start in 2020,,2040,22082134000
Start in 2020,,2041,20953186000
Start in 2020,,2042,19862612000
Start in 2020,,2043,18811572000
Start in 2020,,2044,17800794000
Start in 2020,,2045,16830624000
Start in 2020,,2046,15901091000
Start in 2020,,2047,15011958000
Start in 2020,,2048,14162759000
Start in 2020,,2049,13352840000
Start in 2020,,2050,12581394000
Start in 2020,,2051,11847484000
Start in 2020,,2052,11150082000
Start in 2020,,2053,10488072000
Start in 2020,,2054,9860284000
Start in 2020,,2055,9265510000
Start in 2020,,2056,8702510000
Start in 2020,,2057,8170027500
Start in 2020,,2058,7666806300
Start in 2020,,2059,7191591000
Start in 2020,,2060,6743139000
Start in 2020,,2061,6320227300
Start in 2020,,2062,5921652700
Start in 2020,,2063,5546244000
Start in 2020,,2064,5192856600
Start in 2020,,2065,4860382000
Start in 2020,,2066,4547747300
Start in 2020,,2067,4253915000
Start in 2020,,2068,3977887000
Start in 2020,,2069,3718703900
Start in 2020,,2070,3475444000
Start in 2020,,2071,3247226000
Start in 2020,,2072,3033206000
Start in 2020,,2073,2832580000
Start in 2020,,2074,2644578800
Start in 2020,,2075,2468472800
Start in 2020,,2076,2303565000
Start in 2020,,2077,2149197000
Start in 2020,,2078,2004740000
Start in 2020,,2079,1869601000
Start in 2020,,2080,1743216000
Start in 2020,,2081,1625053000
Start in 2020,,2082,1514608000
Start in 2020,,2083,1411404900
Start in 2020,,2084,1314993900
Start in 2020,,2085,1224951000
Start in 2020,,2086,1140877000
Start in 2020,,2087,1062394050
Start in 2020,,2088,989148000
Start in 2020,,2089,920804030
Start in 2020,,2090,857048960
Start in 2020,,2091,797586050
Start in 2020,,2092,742139000
Start in 2020,,2093,690447000
Start in 2020,,2094,642264000
Start in 2020,,2095,597361000
Start in 2020,,2096,555522050
Start in 2020,,2097,516546020
Start in 2020,,2098,480242020
Start in 2020,,2099,446433000
Start in 2020,,2100,414954020
Start in 2021,,2021,42332380000
Start in 2021,,2022,42450026000
Start in 2021,,2023,42247696000
Start in 2021,,2024,41778442000
Start in 2021,,2025,41088655000
Start in 2021,,2026,40218804000
Start in 2021,,2027,39204102000
Start in 2021,,2028,38075110000
Start in 2021,,2029,36858278000
Start in 2021,,2030,35576394000
Start in 2021,,2031,34249046000
Start in 2021,,2032,32892983000
Start in 2021,,2033,31522447000
Start in 2021,,2034,30149497000
Start in 2021,,2035,28784253000
Start in 2021,,2036,27435153000
Start in 2021,,2037,26109161000
Start in 2021,,2038,24811948000
Start in 2021,,2039,23548072000
Start in 2021,,2040,22321115000
Start in 2021,,2041,21133822000
Start in 2021,,2042,19988210000
Start in 2021,,2043,18885683000
Start in 2021,,2044,17827107000
Start in 2021,,2045,16812895000
Start in 2021,,2046,15843082000
Start in 2021,,2047,14917384000
Start in 2021,,2048,14035247000
Start in 2021,,2049,13195899000
Start in 2021,,2050,12398388000
Start in 2021,,2051,11641619000
Start in 2021,,2052,10924389000
Start in 2021,,2053,10245403000
Start in 2021,,2054,9603303000
Start in 2021,,2055,8996695000
Start in 2021,,2056,8424153000
Start in 2021,,2057,7884242000
Start in 2021,,2058,7375526000
Start in 2021,,2059,6896580000
Start in 2021,,2060,6445996000
Start in 2021,,2061,6022395000
Start in 2021,,2062,5624428000
Start in 2021,,2063,5250780000
Start in 2021,,2064,4900178000
Start in 2021,,2065,4571391000
Start in 2021,,2066,4263229000
Start in 2021,,2067,3974551800
Start in 2021,,2068,3704262100
Start in 2021,,2069,3451311000
Start in 2021,,2070,3214694100
Start in 2021,,2071,2993454000
Start in 2021,,2072,2786679000
Start in 2021,,2073,2593502000
Start in 2021,,2074,2413099000
Start in 2021,,2075,2244688100
Start in 2021,,2076,2087529900
Start in 2021,,2077,1940922000
Start in 2021,,2078,1804203000
Start in 2021,,2079,1676747000
Start in 2021,,2080,1557963000
Start in 2021,,2081,1447294000
Start in 2021,,2082,1344217000
Start in 2021,,2083,1248235900
Start in 2021,,2084,1158889100
Start in 2021,,2085,1075738000
Start in 2021,,2086,998373000
Start in 2021,,2087,926410050
Start in 2021,,2088,859487000
Start in 2021,,2089,797266000
Start in 2021,,2090,739429000
Start in 2021,,2091,685680000
Start in 2021,,2092,635739970
Start in 2021,,2093,589348030
Start in 2021,,2094,546261000
Start in 2021,,2095,506252000
Start in 2021,,2096,469108000
Start in 2021,,2097,434629000
Start in 2021,,2098,402631000
Start in 2021,,2099,372940000
Start in 2021,,2100,345394000
Start in 2022,,2022,42332380000
Start in 2022,,2023,42338177000
Start in 2022,,2024,42026332000
Start in 2022,,2025,41451745000
Start in 2022,,2026,40662196000
Start in 2022,,2027,39699173000
Start in 2022,,2028,38598580000
Start in 2022,,2029,37391413000
Start in 2022,,2030,36104348000
Start in 2022,,2031,34760230000
Start in 2022,,2032,33378548000
Start in 2022,,2033,31975860000
Start in 2022,,2034,30566136000
Start in 2022,,2035,29161079000
Start in 2022,,2036,27770431000
Start in 2022,,2037,26402206000
Start in 2022,,2038,25062926000
Start in 2022,,2039,23757826000
Start in 2022,,2040,22491000000
Start in 2022,,2041,21265600000
Start in 2022,,2042,20083930000
Start in 2022,,2043,18947594000
Start in 2022,,2044,17857587000
Start in 2022,,2045,16814397000
Start in 2022,,2046,15818079000
Start in 2022,,2047,14868327000
Start in 2022,,2048,13964539000
Start in 2022,,2049,13105869000
Start in 2022,,2050,12291273000
Start in 2022,,2051,11519549000
Start in 2022,,2052,10789376000
Start in 2022,,2053,10099337000
Start in 2022,,2054,9447955000
Start in 2022,,2055,8833702000
Start in 2022,,2056,8255028700
Start in 2022,,2057,7710375000
Start in 2022,,2058,7198185000
Start in 2022,,2059,6716918000
Start in 2022,,2060,6265055000
Start in 2022,,2061,5841110000
Start in 2022,,2062,5443635000
Start in 2022,,2063,5071220700
Start in 2022,,2064,4722507000
Start in 2022,,2065,4396179000
Start in 2022,,2066,4090973000
Start in 2022,,2067,3805677000
Start in 2022,,2068,3539129000
Start in 2022,,2069,3290220000
Start in 2022,,2070,3057894000
Start in 2022,,2071,2841144000
Start in 2022,,2072,2639012000
Start in 2022,,2073,2450593000
Start in 2022,,2074,2275026200
Start in 2022,,2075,2111496000
Start in 2022,,2076,1959236000
Start in 2022,,2077,1817519000
Start in 2022,,2078,1685660900
Start in 2022,,2079,1563015000
Start in 2022,,2080,1448976000
Start in 2022,,2081,1342971000
Start in 2022,,2082,1244463000
Start in 2022,,2083,1152950000
Start in 2022,,2084,1067958000
Start in 2022,,2085,989042000
Start in 2022,,2086,915789000
Start in 2022,,2087,847809000
Start in 2022,,2088,784738000
Start in 2022,,2089,726234050
Start in 2022,,2090,671981000
Start in 2022,,2091,621679040
Start in 2022,,2092,575053000
Start in 2022,,2093,531841000
Start in 2022,,2094,491802020
Start in 2022,,2095,454710980
Start in 2022,,2096,420357000
Start in 2022,,2097,388544000
Start in 2022,,2098,359090020
Start in 2022,,2099,331824000
Start in 2022,,2100,306588000
Start in 2023,,2023,42332380000
Start in 2023,,2024,42191204000
Start in 2023,,2025,41742594000
Start in 2023,,2026,41042153000
Start in 2023,,2027,40138040000
Start in 2023,,2028,39071846000
Start in 2023,,2029,37879407000
Start in 2023,,2030,36591470000
Start in 2023,,2031,35234320000
Start in 2023,,2032,33830349000
Start in 2023,,2033,32398502000
Start in 2023,,2034,30954756000
Start in 2023,,2035,29512458000
Start in 2023,,2036,28082692000
Start in 2023,,2037,26674565000
Start in 2023,,2038,25295464000
Start in 2023,,2039,23951313000
Start in 2023,,2040,22646740000
Start in 2023,,2041,21385290000
Start in 2023,,2042,20169566000
Start in 2023,,2043,19001367000
Start in 2023,,2044,17881817000
Start in 2023,,2045,16811472000
Start in 2023,,2046,15790400000
Start in 2023,,2047,14818275000
Start in 2023,,2048,13894440000
Start in 2023,,2049,13017970000
Start in 2023,,2050,12187727000
Start in 2023,,2051,11402400000
Start in 2023,,2052,10660549000
Start in 2023,,2053,9960634000
Start in 2023,,2054,9301051000
Start in 2023,,2055,8680146000
Start in 2023,,2056,8096244700
Start in 2023,,2057,7547665000
Start in 2023,,2058,7032732000
Start in 2023,,2059,6549790700
Start in 2023,,2060,6097214500
Start in 2023,,2061,5673414000
Start in 2023,,2062,5276844000
Start in 2023,,2063,4906006000
Start in 2023,,2064,4559453000
Start in 2023,,2065,4235795000
Start in 2023,,2066,3933694000
Start in 2023,,2067,3651871000
Start in 2023,,2068,3389106000
Start in 2023,,2069,3144234000
Start in 2023,,2070,2916146000
Start in 2023,,2071,2703790800
Start in 2023,,2072,2506173000
Start in 2023,,2073,2322346000
Start in 2023,,2074,2151417900
Start in 2023,,2075,1992547100
Start in 2023,,2076,1844938000
Start in 2023,,2077,1707843000
Start in 2023,,2078,1580558000
Start in 2023,,2079,1462420000
Start in 2023,,2080,1352808000
Start in 2023,,2081,1251137900
Start in 2023,,2082,1156864000
Start in 2023,,2083,1069474000
Start in 2023,,2084,988487000
Start in 2023,,2085,913455040
Start in 2023,,2086,843959000
Start in 2023,,2087,779606000
Start in 2023,,2088,720032000
Start in 2023,,2089,664893000
Start in 2023,,2090,613873000
Start in 2023,,2091,566674000
Start in 2023,,2092,523019000
Start in 2023,,2093,482651000
Start in 2023,,2094,445331000
Start in 2023,,2095,410835000
Start in 2023,,2096,378955000
Start in 2023,,2097,349498980
Start in 2023,,2098,322288000
Start in 2023,,2099,297155000
Start in 2023,,2100,273946000
Start in 2024,,2024,42332380000
Start in 2024,,2025,42146095000
Start in 2024,,2026,41633290000
Start in 2024,,2027,40855847000
Start in 2024,,2028,39867010000
Start in 2024,,2029,38712455000
Start in 2024,,2030,37431206000
Start in 2024,,2031,36056510000
Start in 2024,,2032,34616545000
Start in 2024,,2033,33135086000
Start in 2024,,2034,31632073000
Start in 2024,,2035,30124116000
Start in 2024,,2036,28624943000
Start in 2024,,2037,27145787000
Start in 2024,,2038,25695740000
Start in 2024,,2039,24282028000
Start in 2024,,2040,22910312000
Start in 2024,,2041,21584884000
Start in 2024,,2042,20308896000
Start in 2024,,2043,19084515000
Start in 2024,,2044,17913090000
Start in 2024,,2045,16795280000
Start in 2024,,2046,15731175000
Start in 2024,,2047,14720383000
Start in 2024,,2048,13762134000
Start in 2024,,2049,12855341000
Start in 2024,,2050,11998672000
Start in 2024,,2051,11190603000
Start in 2024,,2052,10429460000
Start in 2024,,2053,9713470000
Start in 2024,,2054,9040782000
Start in 2024,,2055,8409504000
Start in 2024,,2056,7817724400
Start in 2024,,2057,7263531000
Start in 2024,,2058,6745028000
Start in 2024,,2059,6260350500
Start in 2024,,2060,5807670300
Start in 2024,,2061,5385212000
Start in 2024,,2062,4991255000
Start in 2024,,2063,4624136700
Start in 2024,,2064,4282260000
Start in 2024,,2065,3964093000
Start in 2024,,2066,3668171800
Start in 2024,,2067,3393101800
Start in 2024,,2068,3137555000
Start in 2024,,2069,2900270800
Start in 2024,,2070,2680056000
Start in 2024,,2071,2475780900
Start in 2024,,2072,2286380000
Start in 2024,,2073,2110848000
Start in 2024,,2074,1948238000
Start in 2024,,2075,1797660000
Start in 2024,,2076,1658280100
Start in 2024,,2077,1529312000
Start in 2024,,2078,1410022900
Start in 2024,,2079,1299724000
Start in 2024,,2080,1197772900
Start in 2024,,2081,1103568000
Start in 2024,,2082,1016546940
Start in 2024,,2083,936187970
Start in 2024,,2084,862003000
Start in 2024,,2085,793535000
Start in 2024,,2086,730362000
Start in 2024,,2087,672088960
Start in 2024,,2088,618351000
Start in 2024,,2089,568807000
Start in 2024,,2090,523140000
Start in 2024,,2091,481057000
Start in 2024,,2092,442285000
Start in 2024,,2093,406572000
Start in 2024,,2094,373683000
Start in 2024,,2095,343401020
Start in 2024,,2096,315526000
Start in 2024,,2097,289869980
Start in 2024,,2098,266262000
Start in 2024,,2099,244543000
Start in 2024,,2100,224564000
Start in 2025,,2025,42332380000
Start in 2025,,2026,42127315000
Start in 2025,,2027,41565274000
Start in 2025,,2028,40717290000
Start in 2025,,2029,39643990000
Start in 2025,,2030,38396940000
Start in 2025,,2031,37019840000
Start in 2025,,2032,35549550000
Start in 2025,,2033,34017018000
Start in 2025,,2034,32448070000
Start in 2025,,2035,30864116000
Start in 2025,,2036,29282767000
Start in 2025,,2037,27718357000
Start in 2025,,2038,26182429000
Start in 2025,,2039,24684122000
Start in 2025,,2040,23230552000
Start in 2025,,2041,21827092000
Start in 2025,,2042,20477665000
Start in 2025,,2043,19184960000
Start in 2025,,2044,17950638000
Start in 2025,,2045,16775513000
Start in 2025,,2046,15659688000
Start in 2025,,2047,14602696000
Start in 2025,,2048,13603598000
Start in 2025,,2049,12661095000
Start in 2025,,2050,11773592000
Start in 2025,,2051,10939270000
Start in 2025,,2052,10156150000
Start in 2025,,2053,9422138000
Start in 2025,,2054,8735065000
Start in 2025,,2055,8092720000
Start in 2025,,2056,7492883500
Start in 2025,,2057,6933343700
Start in 2025,,2058,6411920000
Start in 2025,,2059,5926477000
Start in 2025,,2060,5474934300
Start in 2025,,2061,5055277000
Start in 2025,,2062,4665563000
Start in 2025,,2063,4303929000
Start in 2025,,2064,3968589000
Start in 2025,,2065,3657842000
Start in 2025,,2066,3370069000
Start in 2025,,2067,3103734000
Start in 2025,,2068,2857382100
Start in 2025,,2069,2629642000
Start in 2025,,2070,2419217200
Start in 2025,,2071,2224890000
Start in 2025,,2072,2045516000
Start in 2025,,2073,1880021000
Start in 2025,,2074,1727399000
Start in 2025,,2075,1586708000
Start in 2025,,2076,1457069000
Start in 2025,,2077,1337659900
Start in 2025,,2078,1227715100
Start in 2025,,2079,1126521000
Start in 2025,,2080,1033415000
Start in 2025,,2081,947778000
Start in 2025,,2082,869037000
Start in 2025,,2083,796659000
Start in 2025,,2084,730151000
Start in 2025,,2085,669053000
Start in 2025,,2086,612943000
Start in 2025,,2087,561426000
Start in 2025,,2088,514139000
Start in 2025,,2089,470746020
Start in 2025,,2090,430937000
Start in 2025,,2091,394424000
Start in 2025,,2092,360941000
Start in 2025,,2093,330245000
Start in 2025,,2094,302109980
Start in 2025,,2095,276327000
Start in 2025,,2096,252705010
Start in 2025,,2097,231067000
Start in 2025,,2098,211250000
Start in 2025,,2099,193104000
Start in 2025,,2100,176492000
Start in 2026,,2026,42332380000
Start in 2026,,2027,42105550000
Start in 2026,,2028,41486850000
Start in 2026,,2029,40558346000
Start in 2026,,2030,39389475000
Start in 2026,,2031,38038740000
Start in 2026,,2032,36555240000
Start in 2026,,2033,34979955000
Start in 2026,,2034,33346904000
Start in 2026,,2035,31684150000
Start in 2026,,2036,30014622000
Start in 2026,,2037,28356910000
Start in 2026,,2038,26725880000
Start in 2026,,2039,25133259000
Start in 2026,,2040,23588108000
Start in 2026,,2041,22097248000
Start in 2026,,2042,20665625000
Start in 2026,,2043,19296612000
Start in 2026,,2044,17992282000
Start in 2026,,2045,16753645000
Start in 2026,,2046,15580829000
Start in 2026,,2047,14473261000
Start in 2026,,2048,13429803000
Start in 2026,,2049,12448870000
Start in 2026,,2050,11528543000
Start in 2026,,2051,10666637000
Start in 2026,,2052,9860793000
Start in 2026,,2053,9108521000
Start in 2026,,2054,8407262700
Start in 2026,,2055,7754423300
Start in 2026,,2056,7147407000
Start in 2026,,2057,6583646700
Start in 2026,,2058,6060625000
Start in 2026,,2059,5575885000
Start in 2026,,2060,5127052000
Start in 2026,,2061,4711835600
Start in 2026,,2062,4328042000
Start in 2026,,2063,3973574000
Start in 2026,,2064,3646436000
Start in 2026,,2065,3344737000
Start in 2026,,2066,3066687200
Start in 2026,,2067,2810594000
Start in 2026,,2068,2574871000
Start in 2026,,2069,2358022000
Start in 2026,,2070,2158646000
Start in 2026,,2071,1975433000
Start in 2026,,2072,1807158000
Start in 2026,,2073,1652676000
Start in 2026,,2074,1510924000
Start in 2026,,2075,1380910100
Start in 2026,,2076,1261712000
Start in 2026,,2077,1152475900
Start in 2026,,2078,1052408000
Start in 2026,,2079,960773000
Start in 2026,,2080,876891000
Start in 2026,,2081,800132000
Start in 2026,,2082,729917000
Start in 2026,,2083,665707000
Start in 2026,,2084,607008000
Start in 2026,,2085,553362000
Start in 2026,,2086,504349000
Start in 2026,,2087,459582000
Start in 2026,,2088,418704000
Start in 2026,,2089,381387000
Start in 2026,,2090,347329000
Start in 2026,,2091,316253980
Start in 2026,,2092,287907000
Start in 2026,,2093,262054000
Start in 2026,,2094,238482000
Start in 2026,,2095,216994000
Start in 2026,,2096,197410000
Start in 2026,,2097,179565000
Start in 2026,,2098,163308000
Start in 2026,,2099,148500000
Start in 2026,,2100,135014990
Start in 2027,,2027,42332380000
Start in 2027,,2028,42080125000
Start in 2027,,2029,41395765000
Start in 2027,,2030,40374825000
Start in 2027,,2031,39097300000
Start in 2027,,2032,37629903000
Start in 2027,,2033,36028002000
Start in 2027,,2034,34337288000
Start in 2027,,2035,32595180000
Start in 2027,,2036,30832122000
Start in 2027,,2037,29072600000
Start in 2027,,2038,27336110000
Start in 2027,,2039,25637923000
Start in 2027,,2040,23989770000
Start in 2027,,2041,22400430000
Start in 2027,,2042,20876229000
Start in 2027,,2043,19421454000
Start in 2027,,2044,18038729000
Start in 2027,,2045,16729322000
Start in 2027,,2046,15493396000
Start in 2027,,2047,14330242000
Start in 2027,,2048,13238455000
Start in 2027,,2049,12216096000
Start in 2027,,2050,11260826000
Start in 2027,,2051,10370003000
Start in 2027,,2052,9540787000
Start in 2027,,2053,8770207000
Start in 2027,,2054,8055212000
Start in 2027,,2055,7392744000
Start in 2027,,2056,6779753000
Start in 2027,,2057,6213243000
Start in 2027,,2058,5690292700
Start in 2027,,2059,5208072000
Start in 2027,,2060,4763855000
Start in 2027,,2061,4355037000
Start in 2027,,2062,3979130000
Start in 2027,,2063,3633777000
Start in 2027,,2064,3316746000
Start in 2027,,2065,3025932000
Start in 2027,,2066,2759358000
Start in 2027,,2067,2515168000
Start in 2027,,2068,2291626000
Start in 2027,,2069,2087110000
Start in 2027,,2070,1900111000
Start in 2027,,2071,1729222000
Start in 2027,,2072,1573138000
Start in 2027,,2073,1430647900
Start in 2027,,2074,1300631900
Start in 2027,,2075,1182052000
Start in 2027,,2076,1073951000
Start in 2027,,2077,975444030
Start in 2027,,2078,885716030
Start in 2027,,2079,804017000
Start in 2027,,2080,729657000
Start in 2027,,2081,662001000
Start in 2027,,2082,600466000
Start in 2027,,2083,544517000
Start in 2027,,2084,493664000
Start in 2027,,2085,447456000
Start in 2027,,2086,405483000
Start in 2027,,2087,367367000
Start in 2027,,2088,332764000
Start in 2027,,2089,301359000
Start in 2027,,2090,272863000
Start in 2027,,2091,247013010
Start in 2027,,2092,223570000
Start in 2027,,2093,202315000
Start in 2027,,2094,183048000
Start in 2027,,2095,165586990
Start in 2027,,2096,149766990
Start in 2027,,2097,135435000
Start in 2027,,2098,122455000
Start in 2027,,2099,110702000
Start in 2027,,2100,100062000
Start in 2028,,2028,42332380000
Start in 2028,,2029,42050170000
Start in 2028,,2030,41289167000
Start in 2028,,2031,40161407000
Start in 2028,,2032,38759707000
Start in 2028,,2033,37160554000
Start in 2028,,2034,35426630000
Start in 2028,,2035,33608960000
Start in 2028,,2036,31748730000
Start in 2028,,2037,29878888000
Start in 2028,,2038,28025455000
Start in 2028,,2039,26208686000
Start in 2028,,2040,24444041000
Start in 2028,,2041,22743005000
Start in 2028,,2042,21113799000
Start in 2028,,2043,19561961000
Start in 2028,,2044,18090863000
Start in 2028,,2045,16702109000
Start in 2028,,2046,15395916000
Start in 2028,,2047,14171391000
Start in 2028,,2048,13026785000
Start in 2028,,2049,11959698000
Start in 2028,,2050,10967252000
Start in 2028,,2051,10046222000
Start in 2028,,2052,9193161000
Start in 2028,,2053,8404483600
Start in 2028,,2054,7676547000
Start in 2028,,2055,7005705700
Start in 2028,,2056,6388365000
Start in 2028,,2057,5821008400
Start in 2028,,2058,5300231000
Start in 2028,,2059,4822758400
Start in 2028,,2060,4385460700
Start in 2028,,2061,3985363000
Start in 2028,,2062,3619646000
Start in 2028,,2063,3285653000
Start in 2028,,2064,2980889000
Start in 2028,,2065,2703018000
Start in 2028,,2066,2449855000
Start in 2028,,2067,2219369000
Start in 2028,,2068,2009670000
Start in 2028,,2069,1819004000
Start in 2028,,2070,1645751900
Start in 2028,,2071,1488412000
Start in 2028,,2072,1345604000
Start in 2028,,2073,1216054000
Start in 2028,,2074,1098588900
Start in 2028,,2075,992135000
Start in 2028,,2076,895704000
Start in 2028,,2077,808390000
Start in 2028,,2078,729366000
Start in 2028,,2079,657872960
Start in 2028,,2080,593219000
Start in 2028,,2081,534773000
Start in 2028,,2082,481956000
Start in 2028,,2083,434244000
Start in 2028,,2084,391158000
Start in 2028,,2085,352261980
Start in 2028,,2086,317159000
Start in 2028,,2087,285489000
Start in 2028,,2088,256925000
Start in 2028,,2089,231169010
Start in 2028,,2090,207952000
Start in 2028,,2091,187029010
Start in 2028,,2092,168178000
Start in 2028,,2093,151198000
Start in 2028,,2094,135906990
Start in 2028,,2095,122141000
Start in 2028,,2096,109749000
Start in 2028,,2097,98598000
Start in 2028,,2098,88565000
Start in 2028,,2099,79540000
Start in 2028,,2100,71423000
Start in 2029,,2029,42332380000
Start in 2029,,2030,42014552000
Start in 2029,,2031,41163310000
Start in 2029,,2032,39911270000
Start in 2029,,2033,38366888000
Start in 2029,,2034,36618363000
Start in 2029,,2035,34736943000
Start in 2029,,2036,32779704000
Start in 2029,,2037,30791942000
Start in 2029,,2038,28809175000
Start in 2029,,2039,26858832000
Start in 2029,,2040,24961686000
Start in 2029,,2041,23133060000
Start in 2029,,2042,21383830000
Start in 2029,,2043,19721277000
Start in 2029,,2044,18149792000
Start in 2029,,2045,16671457000
Start in 2029,,2046,15286554000
Start in 2029,,2047,13993942000
Start in 2029,,2048,12791421000
Start in 2029,,2049,11675981000
Start in 2029,,2050,10644042000
Start in 2029,,2051,9691625000
Start in 2029,,2052,8814509000
Start in 2029,,2053,8008334300
Start in 2029,,2054,7268707000
Start in 2029,,2055,6591265300
Start in 2029,,2056,5971736000
Start in 2029,,2057,5405976600
Start in 2029,,2058,4890003500
Start in 2029,,2059,4420014000
Start in 2029,,2060,3992404000
Start in 2029,,2061,3603770000
Start in 2029,,2062,3250915000
Start in 2029,,2063,2930850000
Start in 2029,,2064,2640785000
Start in 2029,,2065,2378131000
Start in 2029,,2066,2140485000
Start in 2029,,2067,1925627900
Start in 2029,,2068,1731513000
Start in 2029,,2069,1556255000
Start in 2029,,2070,1398125000
Start in 2029,,2071,1255536000
Start in 2029,,2072,1127034000
Start in 2029,,2073,1011293060
Start in 2029,,2074,907100000
Start in 2029,,2075,813350000
Start in 2029,,2076,729037000
Start in 2029,,2077,653247000
Start in 2029,,2078,585149000
Start in 2029,,2079,523987000
Start in 2029,,2080,469077000
Start in 2029,,2081,419800000
Start in 2029,,2082,375595000
Start in 2029,,2083,335954020
Start in 2029,,2084,300418000
Start in 2029,,2085,268573000
Start in 2029,,2086,240044000
Start in 2029,,2087,214495000
Start in 2029,,2088,191621010
Start in 2029,,2089,171148000
Start in 2029,,2090,152829010
Start in 2029,,2091,136442000
Start in 2029,,2092,121787000
Start in 2029,,2093,108685000
Start in 2029,,2094,96973000
Start in 2029,,2095,86507000
Start in 2029,,2096,77156000
Start in 2029,,2097,68804000
Start in 2029,,2098,61346000
Start in 2029,,2099,54686000
Start in 2029,,2100,48742000