Entity,Code,Year,CO2 mitigation curves to meet a 1.5C target
Historical,,1850,2717041000
Historical,,1851,2733435000
Historical,,1852,2760245000
Historical,,1853,2788877000
Historical,,1854,2836878000
Historical,,1855,2849409000
Historical,,1856,2881320000
Historical,,1857,2908238800
Historical,,1858,2932658000
Historical,,1859,2960075000
Historical,,1860,2882419200
Historical,,1861,2865017900
Historical,,1862,2856137000
Historical,,1863,2871880000
Historical,,1864,2893999000
Historical,,1865,2921172000
Historical,,1866,2921889000
Historical,,1867,2946944000
Historical,,1868,2954758000
Historical,,1869,2986048000
Historical,,1870,3251873000
Historical,,1871,3393199900
Historical,,1872,3526413800
Historical,,1873,3638166800
Historical,,1874,3652106000
Historical,,1875,3759901000
Historical,,1876,3815043000
Historical,,1877,3866092000
Historical,,1878,3903910000
Historical,,1879,3975047200
Historical,,1880,4065177000
Historical,,1881,4145073000
Historical,,1882,4229086000
Historical,,1883,4329299000
Historical,,1884,4373441000
Historical,,1885,4410697700
Historical,,1886,4440402000
Historical,,1887,4506260000
Historical,,1888,4637974000
Historical,,1889,4658803000
Historical,,1890,4885135400
Historical,,1891,5043126300
Historical,,1892,5111186000
Historical,,1893,5135068700
Historical,,1894,5226014000
Historical,,1895,5349363700
Historical,,1896,5428233000
Historical,,1897,5538568000
Historical,,1898,5643671000
Historical,,1899,5813436000
Historical,,1900,6053521400
Historical,,1901,6226141700
Historical,,1902,6343285000
Historical,,1903,6592015000
Historical,,1904,6667272000
Historical,,1905,6854428700
Historical,,1906,7003636700
Historical,,1907,7376654300
Historical,,1908,7275637000
Historical,,1909,7421955000
Historical,,1910,7476471000
Historical,,1911,7507427300
Historical,,1912,7612327000
Historical,,1913,7852900000
Historical,,1914,7455626000
Historical,,1915,7374724000
Historical,,1916,7590376000
Historical,,1917,7728275000
Historical,,1918,7676414000
Historical,,1919,7213321000
Historical,,1920,7894786000
Historical,,1921,7572951000
Historical,,1922,7808740400
Historical,,1923,8282990600
Historical,,1924,8329590000
Historical,,1925,8380347400
Historical,,1926,8338773500
Historical,,1927,8694154000
Historical,,1928,8711090000
Historical,,1929,9003256000
Historical,,1930,8907412000
Historical,,1931,8634591000
Historical,,1932,8374579000
Historical,,1933,8645301000
Historical,,1934,9012561000
Historical,,1935,9261991000
Historical,,1936,9704859000
Historical,,1937,10041638000
Historical,,1938,9809198000
Historical,,1939,10057065000
Historical,,1940,10556953000
Historical,,1941,10763668000
Historical,,1942,10761571000
Historical,,1943,10910230000
Historical,,1944,10837807000
Historical,,1945,9948428000
Historical,,1946,10310255000
Historical,,1947,10776959000
Historical,,1948,10986811000
Historical,,1949,10633052000
Historical,,1950,11595249000
Historical,,1951,12234672000
Historical,,1952,12391385000
Historical,,1953,12673365000
Historical,,1954,12922786000
Historical,,1955,13665104000
Historical,,1956,14263379000
Historical,,1957,14624423000
Historical,,1958,14969282000
Historical,,1959,15489945000
Historical,,1960,15397863000
Historical,,1961,15135483000
Historical,,1962,15291398000
Historical,,1963,15624988000
Historical,,1964,15963017000
Historical,,1965,16275063000
Historical,,1966,16636826000
Historical,,1967,16929389000
Historical,,1968,17575582000
Historical,,1969,18451943000
Historical,,1970,19499624000
Historical,,1971,20008593000
Historical,,1972,20614541000
Historical,,1973,21386440000
Historical,,1974,21187664000
Historical,,1975,21082866000
Historical,,1976,21926294000
Historical,,1977,22348884000
Historical,,1978,22883543000
Historical,,1979,23289643000
Historical,,1980,23366100000
Historical,,1981,22902114000
Historical,,1982,22818450000
Historical,,1983,23152292000
Historical,,1984,23842560000
Historical,,1985,24608135000
Historical,,1986,25025180000
Historical,,1987,25824408000
Historical,,1988,26692504000
Historical,,1989,27120986000
Historical,,1990,27510792000
Historical,,1991,27978435000
Historical,,1992,27285318000
Historical,,1993,27526963000
Historical,,1994,27666012000
Historical,,1995,28105650000
Historical,,1996,28738025000
Historical,,1997,30606400000
Historical,,1998,28500500000
Historical,,1999,28711907000
Historical,,2000,30068130000
Historical,,2001,30025267000
Historical,,2002,31271594000
Historical,,2003,32735703000
Historical,,2004,33862724000
Historical,,2005,34412600000
Historical,,2006,35569635000
Historical,,2007,35809665000
Historical,,2008,36752056000
Historical,,2009,37043835000
Historical,,2010,38224527000
Historical,,2011,39188830000
Historical,,2012,40171970000
Historical,,2013,40523657000
Historical,,2014,41303966000
Historical,,2015,41480360000
Historical,,2016,41012740000
Historical,,2017,41193000000
Historical,,2018,42101180000
Historical,,2019,42332380000
Start in 2000,,2000,30068130000
Start in 2000,,2001,30227771000
Start in 2000,,2002,30264007000
Start in 2000,,2003,30190834000
Start in 2000,,2004,30021034000
Start in 2000,,2005,29766259000
Start in 2000,,2006,29437118000
Start in 2000,,2007,29043276000
Start in 2000,,2008,28593502000
Start in 2000,,2009,28095767000
Start in 2000,,2010,27557290000
Start in 2000,,2011,26984610000
Start in 2000,,2012,26383632000
Start in 2000,,2013,25759685000
Start in 2000,,2014,25117573000
Start in 2000,,2015,24461603000
Start in 2000,,2016,23795644000
Start in 2000,,2017,23123160000
Start in 2000,,2018,22447230000
Start in 2000,,2019,21770605000
Start in 2000,,2020,21095717000
Start in 2000,,2021,20424712000
Start in 2000,,2022,19759479000
Start in 2000,,2023,19101673000
Start in 2000,,2024,18452732000
Start in 2000,,2025,17813897000
Start in 2000,,2026,17186234000
Start in 2000,,2027,16570647000
Start in 2000,,2028,15967892000
Start in 2000,,2029,15378601000
Start in 2000,,2030,14803279000
Start in 2000,,2031,14242329000
Start in 2000,,2032,13696057000
Start in 2000,,2033,13164682000
Start in 2000,,2034,12648347000
Start in 2000,,2035,12147127000
Start in 2000,,2036,11661034000
Start in 2000,,2037,11190028000
Start in 2000,,2038,10734021000
Start in 2000,,2039,10292878000
Start in 2000,,2040,9866436000
Start in 2000,,2041,9454495000
Start in 2000,,2042,9056823000
Start in 2000,,2043,8673177000
Start in 2000,,2044,8303280000
Start in 2000,,2045,7946847700
Start in 2000,,2046,7603577300
Start in 2000,,2047,7273156000
Start in 2000,,2048,6955262000
Start in 2000,,2049,6649568000
Start in 2000,,2050,6355739000
Start in 2000,,2051,6073440000
Start in 2000,,2052,5802332700
Start in 2000,,2053,5542080000
Start in 2000,,2054,5292342300
Start in 2000,,2055,5052785000
Start in 2000,,2056,4823078400
Start in 2000,,2057,4602890000
Start in 2000,,2058,4391899000
Start in 2000,,2059,4189785000
Start in 2000,,2060,3996235000
Start in 2000,,2061,3810942000
Start in 2000,,2062,3633605000
Start in 2000,,2063,3463931100
Start in 2000,,2064,3301632000
Start in 2000,,2065,3146428200
Start in 2000,,2066,2998048000
Start in 2000,,2067,2856225000
Start in 2000,,2068,2720703000
Start in 2000,,2069,2591232000
Start in 2000,,2070,2467569200
Start in 2000,,2071,2349480000
Start in 2000,,2072,2236737000
Start in 2000,,2073,2129121000
Start in 2000,,2074,2026417900
Start in 2000,,2075,1928424100
Start in 2000,,2076,1834941000
Start in 2000,,2077,1745777000
Start in 2000,,2078,1660747000
Start in 2000,,2079,1579675000
Start in 2000,,2080,1502390000
Start in 2000,,2081,1428726000
Start in 2000,,2082,1358525000
Start in 2000,,2083,1291635100
Start in 2000,,2084,1227910000
Start in 2000,,2085,1167209100
Start in 2000,,2086,1109397000
Start in 2000,,2087,1054344060
Start in 2000,,2088,1001925950
Start in 2000,,2089,952024000
Start in 2000,,2090,904523000
Start in 2000,,2091,859313000
Start in 2000,,2092,816290050
Start in 2000,,2093,775353000
Start in 2000,,2094,736406000
Start in 2000,,2095,699355000
Start in 2000,,2096,664114000
Start in 2000,,2097,630596000
Start in 2000,,2098,598722000
Start in 2000,,2099,568415000
Start in 2000,,2100,539600000
Start in 2001,,2001,30025267000
Start in 2001,,2002,30111046000
Start in 2001,,2003,30080756000
Start in 2001,,2004,29947880000
Start in 2001,,2005,29724707000
Start in 2001,,2006,29422434000
Start in 2001,,2007,29051236000
Start in 2001,,2008,28620372000
Start in 2001,,2009,28138234000
Start in 2001,,2010,27612430000
Start in 2001,,2011,27049849000
Start in 2001,,2012,26456711000
Start in 2001,,2013,25838629000
Start in 2001,,2014,25200656000
Start in 2001,,2015,24547338000
Start in 2001,,2016,23882746000
Start in 2001,,2017,23210520000
Start in 2001,,2018,22533913000
Start in 2001,,2019,21855814000
Start in 2001,,2020,21178788000
Start in 2001,,2021,20505096000
Start in 2001,,2022,19836735000
Start in 2001,,2023,19175442000
Start in 2001,,2024,18522735000
Start in 2001,,2025,17879930000
Start in 2001,,2026,17248152000
Start in 2001,,2027,16628353000
Start in 2001,,2028,16021343000
Start in 2001,,2029,15427788000
Start in 2001,,2030,14848230000
Start in 2001,,2031,14283100000
Start in 2001,,2032,13732727000
Start in 2001,,2033,13197353000
Start in 2001,,2034,12677137000
Start in 2001,,2035,12172166000
Start in 2001,,2036,11682464000
Start in 2001,,2037,11207998000
Start in 2001,,2038,10748686000
Start in 2001,,2039,10304402000
Start in 2001,,2040,9874980000
Start in 2001,,2041,9460221000
Start in 2001,,2042,9059899000
Start in 2001,,2043,8673762000
Start in 2001,,2044,8301535700
Start in 2001,,2045,7942931000
Start in 2001,,2046,7597641700
Start in 2001,,2047,7265351700
Start in 2001,,2048,6945735000
Start in 2001,,2049,6638457000
Start in 2001,,2050,6343180300
Start in 2001,,2051,6059562000
Start in 2001,,2052,5787261000
Start in 2001,,2053,5525931000
Start in 2001,,2054,5275229700
Start in 2001,,2055,5034818000
Start in 2001,,2056,4804356000
Start in 2001,,2057,4583511000
Start in 2001,,2058,4371953000
Start in 2001,,2059,4169356800
Start in 2001,,2060,3975405800
Start in 2001,,2061,3789787100
Start in 2001,,2062,3612195000
Start in 2001,,2063,3442329900
Start in 2001,,2064,3279902000
Start in 2001,,2065,3124626000
Start in 2001,,2066,2976225000
Start in 2001,,2067,2834431000
Start in 2001,,2068,2698982000
Start in 2001,,2069,2569624000
Start in 2001,,2070,2446112000
Start in 2001,,2071,2328208000
Start in 2001,,2072,2215681000
Start in 2001,,2073,2108308100
Start in 2001,,2074,2005873900
Start in 2001,,2075,1908171000
Start in 2001,,2076,1814999000
Start in 2001,,2077,1726163100
Start in 2001,,2078,1641477900
Start in 2001,,2079,1560763000
Start in 2001,,2080,1483845900
Start in 2001,,2081,1410561000
Start in 2001,,2082,1340746000
Start in 2001,,2083,1274249000
Start in 2001,,2084,1210922000
Start in 2001,,2085,1150623000
Start in 2001,,2086,1093214100
Start in 2001,,2087,1038567000
Start in 2001,,2088,986555000
Start in 2001,,2089,937057000
Start in 2001,,2090,889960000
Start in 2001,,2091,845151000
Start in 2001,,2092,802526000
Start in 2001,,2093,761983000
Start in 2001,,2094,723424960
Start in 2001,,2095,686760000
Start in 2001,,2096,651898050
Start in 2001,,2097,618754050
Start in 2001,,2098,587248960
Start in 2001,,2099,557303040
Start in 2001,,2100,528842980
Start in 2002,,2002,31271594000
Start in 2002,,2003,31462664000
Start in 2002,,2004,31496075000
Start in 2002,,2005,31391562000
Start in 2002,,2006,31166956000
Start in 2002,,2007,30838348000
Start in 2002,,2008,30420250000
Start in 2002,,2009,29925712000
Start in 2002,,2010,29366475000
Start in 2002,,2011,28753068000
Start in 2002,,2012,28094925000
Start in 2002,,2013,27400479000
Start in 2002,,2014,26677254000
Start in 2002,,2015,25931950000
Start in 2002,,2016,25170514000
Start in 2002,,2017,24398213000
Start in 2002,,2018,23619695000
Start in 2002,,2019,22839046000
Start in 2002,,2020,22059852000
Start in 2002,,2021,21285239000
Start in 2002,,2022,20517915000
Start in 2002,,2023,19760218000
Start in 2002,,2024,19014154000
Start in 2002,,2025,18281420000
Start in 2002,,2026,17563451000
Start in 2002,,2027,16861431000
Start in 2002,,2028,16176331000
Start in 2002,,2029,15508925000
Start in 2002,,2030,14859815000
Start in 2002,,2031,14229452000
Start in 2002,,2032,13618148000
Start in 2002,,2033,13026096000
Start in 2002,,2034,12453380000
Start in 2002,,2035,11899998000
Start in 2002,,2036,11365859000
Start in 2002,,2037,10850806000
Start in 2002,,2038,10354618000
Start in 2002,,2039,9877024000
Start in 2002,,2040,9417709000
Start in 2002,,2041,8976314000
Start in 2002,,2042,8552459000
Start in 2002,,2043,8145730000
Start in 2002,,2044,7755694000
Start in 2002,,2045,7381904000
Start in 2002,,2046,7023897000
Start in 2002,,2047,6681204700
Start in 2002,,2048,6353350000
Start in 2002,,2049,6039856000
Start in 2002,,2050,5740241000
Start in 2002,,2051,5454028300
Start in 2002,,2052,5180744000
Start in 2002,,2053,4919917000
Start in 2002,,2054,4671086000
Start in 2002,,2055,4433793000
Start in 2002,,2056,4207593000
Start in 2002,,2057,3992046000
Start in 2002,,2058,3786725000
Start in 2002,,2059,3591212000
Start in 2002,,2060,3405101000
Start in 2002,,2061,3227997200
Start in 2002,,2062,3059515000
Start in 2002,,2063,2899285000
Start in 2002,,2064,2746947000
Start in 2002,,2065,2602151000
Start in 2002,,2066,2464562000
Start in 2002,,2067,2333856000
Start in 2002,,2068,2209719800
Start in 2002,,2069,2091851900
Start in 2002,,2070,1979963000
Start in 2002,,2071,1873774100
Start in 2002,,2072,1773015900
Start in 2002,,2073,1677434000
Start in 2002,,2074,1586781000
Start in 2002,,2075,1500819000
Start in 2002,,2076,1419323000
Start in 2002,,2077,1342075000
Start in 2002,,2078,1268869000
Start in 2002,,2079,1199504000
Start in 2002,,2080,1133792000
Start in 2002,,2081,1071550000
Start in 2002,,2082,1012606000
Start in 2002,,2083,956794050
Start in 2002,,2084,903956000
Start in 2002,,2085,853941950
Start in 2002,,2086,806608000
Start in 2002,,2087,761816000
Start in 2002,,2088,719437000
Start in 2002,,2089,679347000
Start in 2002,,2090,641426050
Start in 2002,,2091,605563000
Start in 2002,,2092,571651000
Start in 2002,,2093,539586000
Start in 2002,,2094,509274020
Start in 2002,,2095,480620000
Start in 2002,,2096,453539000
Start in 2002,,2097,427946020
Start in 2002,,2098,403763000
Start in 2002,,2099,380914020
Start in 2002,,2100,359329000
Start in 2003,,2003,32735703000
Start in 2003,,2004,33454356000
Start in 2003,,2005,33868870000
Start in 2003,,2006,34021763000
Start in 2003,,2007,33950829000
Start in 2003,,2008,33689590000
Start in 2003,,2009,33267739000
Start in 2003,,2010,32711518000
Start in 2003,,2011,32044093000
Start in 2003,,2012,31285858000
Start in 2003,,2013,30454729000
Start in 2003,,2014,29566400000
Start in 2003,,2015,28634585000
Start in 2003,,2016,27671226000
Start in 2003,,2017,26686687000
Start in 2003,,2018,25689922000
Start in 2003,,2019,24688636000
Start in 2003,,2020,23689419000
Start in 2003,,2021,22697873000
Start in 2003,,2022,21718730000
Start in 2003,,2023,20755945000
Start in 2003,,2024,19812796000
Start in 2003,,2025,18891952000
Start in 2003,,2026,17995565000
Start in 2003,,2027,17125317000
Start in 2003,,2028,16282490000
Start in 2003,,2029,15468010000
Start in 2003,,2030,14682508000
Start in 2003,,2031,13926341000
Start in 2003,,2032,13199641000
Start in 2003,,2033,12502349000
Start in 2003,,2034,11834240000
Start in 2003,,2035,11194950000
Start in 2003,,2036,10583996000
Start in 2003,,2037,10000804000
Start in 2003,,2038,9444713000
Start in 2003,,2039,8915007000
Start in 2003,,2040,8410917400
Start in 2003,,2041,7931633000
Start in 2003,,2042,7476323300
Start in 2003,,2043,7044133400
Start in 2003,,2044,6634201000
Start in 2003,,2045,6245658600
Start in 2003,,2046,5877641000
Start in 2003,,2047,5529290000
Start in 2003,,2048,5199755300
Start in 2003,,2049,4888204300
Start in 2003,,2050,4593820000
Start in 2003,,2051,4315804000
Start in 2003,,2052,4053380000
Start in 2003,,2053,3805794000
Start in 2003,,2054,3572317000
Start in 2003,,2055,3352241200
Start in 2003,,2056,3144887800
Start in 2003,,2057,2949601000
Start in 2003,,2058,2765750800
Start in 2003,,2059,2592734200
Start in 2003,,2060,2429971000
Start in 2003,,2061,2276909000
Start in 2003,,2062,2133017100
Start in 2003,,2063,1997790000
Start in 2003,,2064,1870748000
Start in 2003,,2065,1751430000
Start in 2003,,2066,1639400100
Start in 2003,,2067,1534243000
Start in 2003,,2068,1435564000
Start in 2003,,2069,1342988900
Start in 2003,,2070,1256162000
Start in 2003,,2071,1174747000
Start in 2003,,2072,1098426000
Start in 2003,,2073,1026895040
Start in 2003,,2074,959869950
Start in 2003,,2075,897081000
Start in 2003,,2076,838272000
Start in 2003,,2077,783203000
Start in 2003,,2078,731646000
Start in 2003,,2079,683387000
Start in 2003,,2080,638224000
Start in 2003,,2081,595965060
Start in 2003,,2082,556432000
Start in 2003,,2083,519454000
Start in 2003,,2084,484873000
Start in 2003,,2085,452538020
Start in 2003,,2086,422309980
Start in 2003,,2087,394053980
Start in 2003,,2088,367647000
Start in 2003,,2089,342970020
Start in 2003,,2090,319915000
Start in 2003,,2091,298377000
Start in 2003,,2092,278260000
Start in 2003,,2093,259473000
Start in 2003,,2094,241929000
Start in 2003,,2095,225550000
Start in 2003,,2096,210258000
Start in 2003,,2097,195985010
Start in 2003,,2098,182664000
Start in 2003,,2099,170232000
Start in 2003,,2100,158632000
Start in 2004,,2004,33862724000
Start in 2004,,2005,34735993000
Start in 2004,,2006,35229176000
Start in 2004,,2007,35399504000
Start in 2004,,2008,35297320000
Start in 2004,,2009,34966820000
Start in 2004,,2010,34446717000
Start in 2004,,2011,33770870000
Start in 2004,,2012,32968823000
Start in 2004,,2013,32066265000
Start in 2004,,2014,31085496000
Start in 2004,,2015,30045788000
Start in 2004,,2016,28963752000
Start in 2004,,2017,27853644000
Start in 2004,,2018,26727635000
Start in 2004,,2019,25596066000
Start in 2004,,2020,24467667000
Start in 2004,,2021,23349752000
Start in 2004,,2022,22248397000
Start in 2004,,2023,21168590000
Start in 2004,,2024,20114380000
Start in 2004,,2025,19088984000
Start in 2004,,2026,18094916000
Start in 2004,,2027,17134062000
Start in 2004,,2028,16207783000
Start in 2004,,2029,15316981000
Start in 2004,,2030,14462168000
Start in 2004,,2031,13643528000
Start in 2004,,2032,12860961000
Start in 2004,,2033,12114134000
Start in 2004,,2034,11402521000
Start in 2004,,2035,10725433000
Start in 2004,,2036,10082055000
Start in 2004,,2037,9471468000
Start in 2004,,2038,8892667000
Start in 2004,,2039,8344595000
Start in 2004,,2040,7826147300
Start in 2004,,2041,7336187000
Start in 2004,,2042,6873566000
Start in 2004,,2043,6437128000
Start in 2004,,2044,6025719300
Start in 2004,,2045,5638196700
Start in 2004,,2046,5273436000
Start in 2004,,2047,4930332000
Start in 2004,,2048,4607807000
Start in 2004,,2049,4304813000
Start in 2004,,2050,4020331800
Start in 2004,,2051,3753383000
Start in 2004,,2052,3503018000
Start in 2004,,2053,3268325000
Start in 2004,,2054,3048430800
Start in 2004,,2055,2842498000
Start in 2004,,2056,2649726000
Start in 2004,,2057,2469350100
Start in 2004,,2058,2300643000
Start in 2004,,2059,2142911000
Start in 2004,,2060,1995497000
Start in 2004,,2061,1857776000
Start in 2004,,2062,1729156000
Start in 2004,,2063,1609076000
Start in 2004,,2064,1497004000
Start in 2004,,2065,1392441100
Start in 2004,,2066,1294913000
Start in 2004,,2067,1203973000
Start in 2004,,2068,1119200000
Start in 2004,,2069,1040197000
Start in 2004,,2070,966592000
Start in 2004,,2071,898033000
Start in 2004,,2072,834189000
Start in 2004,,2073,774752000
Start in 2004,,2074,719430000
Start in 2004,,2075,667949950
Start in 2004,,2076,620055040
Start in 2004,,2077,575505000
Start in 2004,,2078,534075000
Start in 2004,,2079,495555000
Start in 2004,,2080,459746980
Start in 2004,,2081,426467000
Start in 2004,,2082,395541020
Start in 2004,,2083,366809020
Start in 2004,,2084,340120000
Start in 2004,,2085,315332000
Start in 2004,,2086,292314000
Start in 2004,,2087,270942980
Start in 2004,,2088,251105010
Start in 2004,,2089,232691000
Start in 2004,,2090,215604000
Start in 2004,,2091,199748000
Start in 2004,,2092,185038990
Start in 2004,,2093,171394000
Start in 2004,,2094,158739000
Start in 2004,,2095,147002000
Start in 2004,,2096,136120000
Start in 2004,,2097,126031000
Start in 2004,,2098,116678000
Start in 2004,,2099,108010000
Start in 2004,,2100,99975000
Start in 2005,,2005,34412600000
Start in 2005,,2006,35250430000
Start in 2005,,2007,35684370000
Start in 2005,,2008,35778150000
Start in 2005,,2009,35587486000
Start in 2005,,2010,35160994000
Start in 2005,,2011,34540995000
Start in 2005,,2012,33764248000
Start in 2005,,2013,32862579000
Start in 2005,,2014,31863497000
Start in 2005,,2015,30790662000
Start in 2005,,2016,29664370000
Start in 2005,,2017,28501957000
Start in 2005,,2018,27318145000
Start in 2005,,2019,26125382000
Start in 2005,,2020,24934117000
Start in 2005,,2021,23753054000
Start in 2005,,2022,22589377000
Start in 2005,,2023,21448948000
Start in 2005,,2024,20336480000
Start in 2005,,2025,19255702000
Start in 2005,,2026,18209473000
Start in 2005,,2027,17199927000
Start in 2005,,2028,16228567000
Start in 2005,,2029,15296361000
Start in 2005,,2030,14403821000
Start in 2005,,2031,13551072000
Start in 2005,,2032,12737924000
Start in 2005,,2033,11963920000
Start in 2005,,2034,11228386000
Start in 2005,,2035,10530467000
Start in 2005,,2036,9869170000
Start in 2005,,2037,9243388000
Start in 2005,,2038,8651936000
Start in 2005,,2039,8093564000
Start in 2005,,2040,7566980600
Start in 2005,,2041,7070872000
Start in 2005,,2042,6603911000
Start in 2005,,2043,6164773000
Start in 2005,,2044,5752143000
Start in 2005,,2045,5364725000
Start in 2005,,2046,5001249000
Start in 2005,,2047,4660475000
Start in 2005,,2048,4341199000
Start in 2005,,2049,4042254800
Start in 2005,,2050,3762517000
Start in 2005,,2051,3500902000
Start in 2005,,2052,3256369200
Start in 2005,,2053,3027923200
Start in 2005,,2054,2814613000
Start in 2005,,2055,2615531000
Start in 2005,,2056,2429814000
Start in 2005,,2057,2256640000
Start in 2005,,2058,2095231100
Start in 2005,,2059,1944847000
Start in 2005,,2060,1804790900
Start in 2005,,2061,1674402000
Start in 2005,,2062,1553056000
Start in 2005,,2063,1440166000
Start in 2005,,2064,1335178000
Start in 2005,,2065,1237569000
Start in 2005,,2066,1146849000
Start in 2005,,2067,1062558100
Start in 2005,,2068,984262000
Start in 2005,,2069,911556030
Start in 2005,,2070,844059000
Start in 2005,,2071,781413950
Start in 2005,,2072,723287000
Start in 2005,,2073,669366000
Start in 2005,,2074,619358000
Start in 2005,,2075,572990000
Start in 2005,,2076,530005980
Start in 2005,,2077,490169000
Start in 2005,,2078,453256000
Start in 2005,,2079,419059000
Start in 2005,,2080,387385020
Start in 2005,,2081,358053000
Start in 2005,,2082,330896000
Start in 2005,,2083,305756000
Start in 2005,,2084,282488000
Start in 2005,,2085,260957010
Start in 2005,,2086,241034990
Start in 2005,,2087,222607000
Start in 2005,,2088,205562000
Start in 2005,,2089,189800000
Start in 2005,,2090,175225010
Start in 2005,,2091,161751000
Start in 2005,,2092,149297000
Start in 2005,,2093,137786000
Start in 2005,,2094,127149000
Start in 2005,,2095,117321000
Start in 2005,,2096,108241000
Start in 2005,,2097,99853000
Start in 2005,,2098,92107000
Start in 2005,,2099,84953000
Start in 2005,,2100,78347000
Start in 2006,,2006,35569635000
Start in 2006,,2007,36487373000
Start in 2006,,2008,36926240000
Start in 2006,,2009,36967420000
Start in 2006,,2010,36681126000
Start in 2006,,2011,36127960000
Start in 2006,,2012,35360068000
Start in 2006,,2013,34422210000
Start in 2006,,2014,33352673000
Start in 2006,,2015,32184082000
Start in 2006,,2016,30944141000
Start in 2006,,2017,29656250000
Start in 2006,,2018,28340070000
Start in 2006,,2019,27012024000
Start in 2006,,2020,25685717000
Start in 2006,,2021,24372328000
Start in 2006,,2022,23080937000
Start in 2006,,2023,21818829000
Start in 2006,,2024,20591737000
Start in 2006,,2025,19404069000
Start in 2006,,2026,18259118000
Start in 2006,,2027,17159221000
Start in 2006,,2028,16105907000
Start in 2006,,2029,15100031000
Start in 2006,,2030,14141885000
Start in 2006,,2031,13231301000
Start in 2006,,2032,12367719000
Start in 2006,,2033,11550282000
Start in 2006,,2034,10777876000
Start in 2006,,2035,10049203000
Start in 2006,,2036,9362811000
Start in 2006,,2037,8717141000
Start in 2006,,2038,8110557700
Start in 2006,,2039,7541380000
Start in 2006,,2040,7007897000
Start in 2006,,2041,6508396000
Start in 2006,,2042,6041172000
Start in 2006,,2043,5604543000
Start in 2006,,2044,5196861000
Start in 2006,,2045,4816520000
Start in 2006,,2046,4461962000
Start in 2006,,2047,4131681800
Start in 2006,,2048,3824232200
Start in 2006,,2049,3538223000
Start in 2006,,2050,3272327000
Start in 2006,,2051,3025278200
Start in 2006,,2052,2795870000
Start in 2006,,2053,2582959900
Start in 2006,,2054,2385464000
Start in 2006,,2055,2202357000
Start in 2006,,2056,2032671000
Start in 2006,,2057,1875494000
Start in 2006,,2058,1729968000
Start in 2006,,2059,1595284000
Start in 2006,,2060,1470686000
Start in 2006,,2061,1355463000
Start in 2006,,2062,1248948000
Start in 2006,,2063,1150519900
Start in 2006,,2064,1059594050
Start in 2006,,2065,975628000
Start in 2006,,2066,898114050
Start in 2006,,2067,826577000
Start in 2006,,2068,760577000
Start in 2006,,2069,699702000
Start in 2006,,2070,643571000
Start in 2006,,2071,591826940
Start in 2006,,2072,544139970
Start in 2006,,2073,500203000
Start in 2006,,2074,459732000
Start in 2006,,2075,422461000
Start in 2006,,2076,388146020
Start in 2006,,2077,356559000
Start in 2006,,2078,327489000
Start in 2006,,2079,300742000
Start in 2006,,2080,276137000
Start in 2006,,2081,253506990
Start in 2006,,2082,232697000
Start in 2006,,2083,213565010
Start in 2006,,2084,195978990
Start in 2006,,2085,179817010
Start in 2006,,2086,164965010
Start in 2006,,2087,151320000
Start in 2006,,2088,138786000
Start in 2006,,2089,127275010
Start in 2006,,2090,116704000
Start in 2006,,2091,106998000
Start in 2006,,2092,98088000
Start in 2006,,2093,89910000
Start in 2006,,2094,82405000
Start in 2006,,2095,75517000
Start in 2006,,2096,69198000
Start in 2006,,2097,63401000
Start in 2006,,2098,58084000
Start in 2006,,2099,53207000
Start in 2006,,2100,48735000
Start in 2007,,2007,35809665000
Start in 2007,,2008,36516774000
Start in 2007,,2009,36768470000
Start in 2007,,2010,36644690000
Start in 2007,,2011,36214340000
Start in 2007,,2012,35536605000
Start in 2007,,2013,34662232000
Start in 2007,,2014,33634564000
Start in 2007,,2015,32490490000
Start in 2007,,2016,31261295000
Start in 2007,,2017,29973380000
Start in 2007,,2018,28648899000
Start in 2007,,2019,27306344000
Start in 2007,,2020,25961032000
Start in 2007,,2021,24625529000
Start in 2007,,2022,23310057000
Start in 2007,,2023,22022806000
Start in 2007,,2024,20770234000
Start in 2007,,2025,19557330000
Start in 2007,,2026,18387816000
Start in 2007,,2027,17264361000
Start in 2007,,2028,16188732000
Start in 2007,,2029,15161953000
Start in 2007,,2030,14184420000
Start in 2007,,2031,13256021000
Start in 2007,,2032,12376218000
Start in 2007,,2033,11544137000
Start in 2007,,2034,10758632000
Start in 2007,,2035,10018349000
Start in 2007,,2036,9321767000
Start in 2007,,2037,8667251000
Start in 2007,,2038,8053082600
Start in 2007,,2039,7477491700
Start in 2007,,2040,6938681300
Start in 2007,,2041,6434849000
Start in 2007,,2042,5964202000
Start in 2007,,2043,5524977000
Start in 2007,,2044,5115441700
Start in 2007,,2045,4733915600
Start in 2007,,2046,4378766000
Start in 2007,,2047,4048419000
Start in 2007,,2048,3741364000
Start in 2007,,2049,3456152000
Start in 2007,,2050,3191401000
Start in 2007,,2051,2945793000
Start in 2007,,2052,2718078000
Start in 2007,,2053,2507070000
Start in 2007,,2054,2311646000
Start in 2007,,2055,2130748900
Start in 2007,,2056,1963380000
Start in 2007,,2057,1808598000
Start in 2007,,2058,1665521900
Start in 2007,,2059,1533323000
Start in 2007,,2060,1411223000
Start in 2007,,2061,1298496000
Start in 2007,,2062,1194462000
Start in 2007,,2063,1098485000
Start in 2007,,2064,1009973060
Start in 2007,,2065,928373000
Start in 2007,,2066,853168000
Start in 2007,,2067,783881000
Start in 2007,,2068,720065000
Start in 2007,,2069,661304000
Start in 2007,,2070,607215000
Start in 2007,,2071,557438000
Start in 2007,,2072,511643000
Start in 2007,,2073,469522000
Start in 2007,,2074,430790000
Start in 2007,,2075,395182000
Start in 2007,,2076,362455000
Start in 2007,,2077,332381020
Start in 2007,,2078,304753000
Start in 2007,,2079,279377020
Start in 2007,,2080,256073000
Start in 2007,,2081,234677010
Start in 2007,,2082,215037010
Start in 2007,,2083,197012000
Start in 2007,,2084,180472000
Start in 2007,,2085,165298000
Start in 2007,,2086,151380000
Start in 2007,,2087,138614000
Start in 2007,,2088,126909000
Start in 2007,,2089,116178000
Start in 2007,,2090,106341000
Start in 2007,,2091,97325000
Start in 2007,,2092,89063000
Start in 2007,,2093,81492000
Start in 2007,,2094,74557000
Start in 2007,,2095,68205000
Start in 2007,,2096,62387000
Start in 2007,,2097,57059000
Start in 2007,,2098,52181000
Start in 2007,,2099,47714000
Start in 2007,,2100,43626000
Start in 2008,,2008,36752056000
Start in 2008,,2009,37302980000
Start in 2008,,2010,37384400000
Start in 2008,,2011,37083894000
Start in 2008,,2012,36476300000
Start in 2008,,2013,35625400000
Start in 2008,,2014,34585320000
Start in 2008,,2015,33401883000
Start in 2008,,2016,32113682000
Start in 2008,,2017,30753063000
Start in 2008,,2018,29347006000
Start in 2008,,2019,27917853000
Start in 2008,,2020,26483964000
Start in 2008,,2021,25060290000
Start in 2008,,2022,23658875000
Start in 2008,,2023,22289267000
Start in 2008,,2024,20958908000
Start in 2008,,2025,19673459000
Start in 2008,,2026,18437067000
Start in 2008,,2027,17252624000
Start in 2008,,2028,16121968000
Start in 2008,,2029,15046056000
Start in 2008,,2030,14025137000
Start in 2008,,2031,13058869000
Start in 2008,,2032,12146438000
Start in 2008,,2033,11286661000
Start in 2008,,2034,10478053000
Start in 2008,,2035,9718913000
Start in 2008,,2036,9007373000
Start in 2008,,2037,8341448700
Start in 2008,,2038,7719086000
Start in 2008,,2039,7138185000
Start in 2008,,2040,6596638000
Start in 2008,,2041,6092347400
Start in 2008,,2042,5623245000
Start in 2008,,2043,5187306000
Start in 2008,,2044,4782564400
Start in 2008,,2045,4407114000
Start in 2008,,2046,4059124000
Start in 2008,,2047,3736838100
Start in 2008,,2048,3438575900
Start in 2008,,2049,3162742000
Start in 2008,,2050,2907818000
Start in 2008,,2051,2672368000
Start in 2008,,2052,2455035000
Start in 2008,,2053,2254539000
Start in 2008,,2054,2069677000
Start in 2008,,2055,1899320000
Start in 2008,,2056,1742406000
Start in 2008,,2057,1597945000
Start in 2008,,2058,1465008000
Start in 2008,,2059,1342730000
Start in 2008,,2060,1230303100
Start in 2008,,2061,1126975100
Start in 2008,,2062,1032047040
Start in 2008,,2063,944869000
Start in 2008,,2064,864836000
Start in 2008,,2065,791387970
Start in 2008,,2066,724006000
Start in 2008,,2067,662208000
Start in 2008,,2068,605550000
Start in 2008,,2069,553620000
Start in 2008,,2070,506035970
Start in 2008,,2071,462448000
Start in 2008,,2072,422530000
Start in 2008,,2073,385982980
Start in 2008,,2074,352530980
Start in 2008,,2075,321919000
Start in 2008,,2076,293913000
Start in 2008,,2077,268296000
Start in 2008,,2078,244871000
Start in 2008,,2079,223454990
Start in 2008,,2080,203878000
Start in 2008,,2081,185988000
Start in 2008,,2082,169642000
Start in 2008,,2083,154709000
Start in 2008,,2084,141070000
Start in 2008,,2085,128615010
Start in 2008,,2086,117244000
Start in 2008,,2087,106863000
Start in 2008,,2088,97389000
Start in 2008,,2089,88743000
Start in 2008,,2090,80855000
Start in 2008,,2091,73658000
Start in 2008,,2092,67094000
Start in 2008,,2093,61108000
Start in 2008,,2094,55649000
Start in 2008,,2095,50672000
Start in 2008,,2096,46136000
Start in 2008,,2097,42000000
Start in 2008,,2098,38232000
Start in 2008,,2099,34798000
Start in 2008,,2100,31668998
Start in 2009,,2009,37043835000
Start in 2009,,2010,37461877000
Start in 2009,,2011,37403910000
Start in 2009,,2012,36963246000
Start in 2009,,2013,36219044000
Start in 2009,,2014,35238253000
Start in 2009,,2015,34077274000
Start in 2009,,2016,32783428000
Start in 2009,,2017,31396215000
Start in 2009,,2018,29948428000
Start in 2009,,2019,28467114000
Start in 2009,,2020,26974400000
Start in 2009,,2021,25488234000
Start in 2009,,2022,24022997000
Start in 2009,,2023,22590040000
Start in 2009,,2024,21198178000
Start in 2009,,2025,19854068000
Start in 2009,,2026,18562564000
Start in 2009,,2027,17327032000
Start in 2009,,2028,16149584000
Start in 2009,,2029,15031313000
Start in 2009,,2030,13972473000
Start in 2009,,2031,12972645000
Start in 2009,,2032,12030871000
Start in 2009,,2033,11145761000
Start in 2009,,2034,10315609000
Start in 2009,,2035,9538455000
Start in 2009,,2036,8812165000
Start in 2009,,2037,8134484500
Start in 2009,,2038,7503085000
Start in 2009,,2039,6915607000
Start in 2009,,2040,6369684000
Start in 2009,,2041,5862975000
Start in 2009,,2042,5393181700
Start in 2009,,2043,4958063000
Start in 2009,,2044,4555450000
Start in 2009,,2045,4183255300
Start in 2009,,2046,3839473000
Start in 2009,,2047,3522194000
Start in 2009,,2048,3229599000
Start in 2009,,2049,2959961900
Start in 2009,,2050,2711654000
Start in 2009,,2051,2483136000
Start in 2009,,2052,2272962000
Start in 2009,,2053,2079772900
Start in 2009,,2054,1902297000
Start in 2009,,2055,1739344000
Start in 2009,,2056,1589802000
Start in 2009,,2057,1452634000
Start in 2009,,2058,1326876000
Start in 2009,,2059,1211630000
Start in 2009,,2060,1106064000
Start in 2009,,2061,1009403970
Start in 2009,,2062,920935000
Start in 2009,,2063,839992000
Start in 2009,,2064,765963970
Start in 2009,,2065,698283000
Start in 2009,,2066,636427000
Start in 2009,,2067,579912000
Start in 2009,,2068,528294000
Start in 2009,,2069,481162020
Start in 2009,,2070,438141000
Start in 2009,,2071,398882020
Start in 2009,,2072,363066000
Start in 2009,,2073,330401000
Start in 2009,,2074,300616000
Start in 2009,,2075,273465000
Start in 2009,,2076,248720000
Start in 2009,,2077,226174000
Start in 2009,,2078,205636000
Start in 2009,,2079,186932000
Start in 2009,,2080,169901000
Start in 2009,,2081,154396000
Start in 2009,,2082,140285010
Start in 2009,,2083,127444000
Start in 2009,,2084,115761000
Start in 2009,,2085,105133000
Start in 2009,,2086,95468000
Start in 2009,,2087,86679000
Start in 2009,,2088,78689000
Start in 2009,,2089,71426000
Start in 2009,,2090,64825000
Start in 2009,,2091,58826000
Start in 2009,,2092,53376000
Start in 2009,,2093,48425000
Start in 2009,,2094,43928000
Start in 2009,,2095,39844000
Start in 2009,,2096,36135000
Start in 2009,,2097,32768998
Start in 2009,,2098,29712000
Start in 2009,,2099,26938000
Start in 2009,,2100,24420000
Start in 2010,,2010,38224527000
Start in 2010,,2011,38634766000
Start in 2010,,2012,38485553000
Start in 2010,,2013,37895750000
Start in 2010,,2014,36964750000
Start in 2010,,2015,35775336000
Start in 2010,,2016,34396150000
Start in 2010,,2017,32883800000
Start in 2010,,2018,31284677000
Start in 2010,,2019,29636536000
Start in 2010,,2020,27969840000
Start in 2010,,2021,26308899000
Start in 2010,,2022,24672870000
Start in 2010,,2023,23076604000
Start in 2010,,2024,21531347000
Start in 2010,,2025,20045375000
Start in 2010,,2026,18624504000
Start in 2010,,2027,17272530000
Start in 2010,,2028,15991623000
Start in 2010,,2029,14782614000
Start in 2010,,2030,13645285000
Start in 2010,,2031,12578588000
Start in 2010,,2032,11580822000
Start in 2010,,2033,10649800000
Start in 2010,,2034,9782973000
Start in 2010,,2035,8977541000
Start in 2010,,2036,8230533600
Start in 2010,,2037,7538888700
Start in 2010,,2038,6899504000
Start in 2010,,2039,6309284400
Start in 2010,,2040,5765182000
Start in 2010,,2041,5264221000
Start in 2010,,2042,4803517000
Start in 2010,,2043,4380297000
Start in 2010,,2044,3991909000
Start in 2010,,2045,3635828000
Start in 2010,,2046,3309660000
Start in 2010,,2047,3011147000
Start in 2010,,2048,2738164000
Start in 2010,,2049,2488717000
Start in 2010,,2050,2260940000
Start in 2010,,2051,2053093000
Start in 2010,,2052,1863555000
Start in 2010,,2053,1690820000
Start in 2010,,2054,1533489000
Start in 2010,,2055,1390270000
Start in 2010,,2056,1259967000
Start in 2010,,2057,1141475000
Start in 2010,,2058,1033775000
Start in 2010,,2059,935931970
Start in 2010,,2060,847082050
Start in 2010,,2061,766433000
Start in 2010,,2062,693259000
Start in 2010,,2063,626891970
Start in 2010,,2064,566724030
Start in 2010,,2065,512194000
Start in 2010,,2066,462791000
Start in 2010,,2067,418050000
Start in 2010,,2068,377541980
Start in 2010,,2069,340880000
Start in 2010,,2070,307708000
Start in 2010,,2071,277702980
Start in 2010,,2072,250570000
Start in 2010,,2073,226040000
Start in 2010,,2074,203870990
Start in 2010,,2075,183840000
Start in 2010,,2076,165746000
Start in 2010,,2077,149404000
Start in 2010,,2078,134650000
Start in 2010,,2079,121331000
Start in 2010,,2080,109311000
Start in 2010,,2081,98465000
Start in 2010,,2082,88681000
Start in 2010,,2083,79856000
Start in 2010,,2084,71898000
Start in 2010,,2085,64724000
Start in 2010,,2086,58257000
Start in 2010,,2087,52428000
Start in 2010,,2088,47176000
Start in 2010,,2089,42444000
Start in 2010,,2090,38182000
Start in 2010,,2091,34343000
Start in 2010,,2092,30887000
Start in 2010,,2093,27774000
Start in 2010,,2094,24973000
Start in 2010,,2095,22451000
Start in 2010,,2096,20181000
Start in 2010,,2097,18139000
Start in 2010,,2098,16302001
Start in 2010,,2099,14649000
Start in 2010,,2100,13162000
Start in 2011,,2011,39188830000
Start in 2011,,2012,39577650000
Start in 2011,,2013,39317496000
Start in 2011,,2014,38557500000
Start in 2011,,2015,37420460000
Start in 2011,,2016,36007006000
Start in 2011,,2017,34399160000
Start in 2011,,2018,32663296000
Start in 2011,,2019,30852750000
Start in 2011,,2020,29009960000
Start in 2011,,2021,27168313000
Start in 2011,,2022,25353697000
Start in 2011,,2023,23585812000
Start in 2011,,2024,21879284000
Start in 2011,,2025,20244589000
Start in 2011,,2026,18688834000
Start in 2011,,2027,17216414000
Start in 2011,,2028,15829557000
Start in 2011,,2029,14528777000
Start in 2011,,2030,13313248000
Start in 2011,,2031,12181124000
Start in 2011,,2032,11129782000
Start in 2011,,2033,10156047000
Start in 2011,,2034,9256349000
Start in 2011,,2035,8426868000
Start in 2011,,2036,7663644700
Start in 2011,,2037,6962666000
Start in 2011,,2038,6319933000
Start in 2011,,2039,5731518000
Start in 2011,,2040,5193600000
Start in 2011,,2041,4702501000
Start in 2011,,2042,4254700300
Start in 2011,,2043,3846849800
Start in 2011,,2044,3475789000
Start in 2011,,2045,3138539000
Start in 2011,,2046,2832312000
Start in 2011,,2047,2554503000
Start in 2011,,2048,2302686000
Start in 2011,,2049,2074611800
Start in 2011,,2050,1868198000
Start in 2011,,2051,1681520000
Start in 2011,,2052,1512805000
Start in 2011,,2053,1360422900
Start in 2011,,2054,1222877000
Start in 2011,,2055,1098795000
Start in 2011,,2056,986921000
Start in 2011,,2057,886107000
Start in 2011,,2058,795307000
Start in 2011,,2059,713563970
Start in 2011,,2060,640010000
Start in 2011,,2061,573854000
Start in 2011,,2062,514377000
Start in 2011,,2063,460925980
Start in 2011,,2064,412910000
Start in 2011,,2065,369793000
Start in 2011,,2066,331089000
Start in 2011,,2067,296357980
Start in 2011,,2068,265202990
Start in 2011,,2069,237265010
Start in 2011,,2070,212220000
Start in 2011,,2071,189775000
Start in 2011,,2072,169665000
Start in 2011,,2073,151654000
Start in 2011,,2074,135526000
Start in 2011,,2075,121088000
Start in 2011,,2076,108167000
Start in 2011,,2077,96606000
Start in 2011,,2078,86264000
Start in 2011,,2079,77015000
Start in 2011,,2080,68746000
Start in 2011,,2081,61354000
Start in 2011,,2082,54747000
Start in 2011,,2083,48844000
Start in 2011,,2084,43570000
Start in 2011,,2085,38860000
Start in 2011,,2086,34653000
Start in 2011,,2087,30897000
Start in 2011,,2088,27545000
Start in 2011,,2089,24552000
Start in 2011,,2090,21882000
Start in 2011,,2091,19499000
Start in 2011,,2092,17374000
Start in 2011,,2093,15478000
Start in 2011,,2094,13787000
Start in 2011,,2095,12280000
Start in 2011,,2096,10936000
Start in 2011,,2097,9738000
Start in 2011,,2098,8670000
Start in 2011,,2099,7718000
Start in 2011,,2100,6870000
Start in 2012,,2012,40171970000
Start in 2012,,2013,40615890000
Start in 2012,,2014,40268170000
Start in 2012,,2015,39326786000
Start in 2012,,2016,37951664000
Start in 2012,,2017,36271227000
Start in 2012,,2018,34387857000
Start in 2012,,2019,32382523000
Start in 2012,,2020,30318586000
Start in 2012,,2021,28245025000
Start in 2012,,2022,26199093000
Start in 2012,,2023,24208530000
Start in 2012,,2024,22293418000
Start in 2012,,2025,20467696000
Start in 2012,,2026,18740410000
Start in 2012,,2027,17116755000
Start in 2012,,2028,15598923000
Start in 2012,,2029,14186788000
Start in 2012,,2030,12878478000
Start in 2012,,2031,11670825000
Start in 2012,,2032,10559737000
Start in 2012,,2033,9540486000
Start in 2012,,2034,8607949000
Start in 2012,,2035,7756782000
Start in 2012,,2036,6981569500
Start in 2012,,2037,6276935000
Start in 2012,,2038,5637612000
Start in 2012,,2039,5058516000
Start in 2012,,2040,4534782000
Start in 2012,,2041,4061792800
Start in 2012,,2042,3635199000
Start in 2012,,2043,3250923000
Start in 2012,,2044,2905165000
Start in 2012,,2045,2594400000
Start in 2012,,2046,2315368000
Start in 2012,,2047,2065067000
Start in 2012,,2048,1840738000
Start in 2012,,2049,1639856000
Start in 2012,,2050,1460113000
Start in 2012,,2051,1299404900
Start in 2012,,2052,1155819000
Start in 2012,,2053,1027618050
Start in 2012,,2054,913226000
Start in 2012,,2055,811218050
Start in 2012,,2056,720306000
Start in 2012,,2057,639329000
Start in 2012,,2058,567239000
Start in 2012,,2059,503092000
Start in 2012,,2060,446042020
Start in 2012,,2061,395327000
Start in 2012,,2062,350263000
Start in 2012,,2063,310237000
Start in 2012,,2064,274702000
Start in 2012,,2065,243165010
Start in 2012,,2066,215186990
Start in 2012,,2067,190375000
Start in 2012,,2068,168378990
Start in 2012,,2069,148886990
Start in 2012,,2070,131616990
Start in 2012,,2071,116323000
Start in 2012,,2072,102782000
Start in 2012,,2073,90796000
Start in 2012,,2074,80190000
Start in 2012,,2075,70808000
Start in 2012,,2076,62510000
Start in 2012,,2077,55174000
Start in 2012,,2078,48689000
Start in 2012,,2079,42958000
Start in 2012,,2080,37895000
Start in 2012,,2081,33422000
Start in 2012,,2082,29472000
Start in 2012,,2083,25984000
Start in 2012,,2084,22905000
Start in 2012,,2085,20188000
Start in 2012,,2086,17790000
Start in 2012,,2087,15675001
Start in 2012,,2088,13809000
Start in 2012,,2089,12163000
Start in 2012,,2090,10712000
Start in 2012,,2091,9433000
Start in 2012,,2092,8305000
Start in 2012,,2093,7311000
Start in 2012,,2094,6436000
Start in 2012,,2095,5664000
Start in 2012,,2096,4984000
Start in 2012,,2097,4386000
Start in 2012,,2098,3858000
Start in 2012,,2099,3394000
Start in 2012,,2100,2985000
Start in 2013,,2013,40523657000
Start in 2013,,2014,40873083000
Start in 2013,,2015,40353104000
Start in 2013,,2016,39197184000
Start in 2013,,2017,37590905000
Start in 2013,,2018,35680694000
Start in 2013,,2019,33581142000
Start in 2013,,2020,31380980000
Start in 2013,,2021,29148035000
Start in 2013,,2022,26933330000
Start in 2013,,2023,24774412000
Start in 2013,,2024,22698115000
Start in 2013,,2025,20722794000
Start in 2013,,2026,18860157000
Start in 2013,,2027,17116756000
Start in 2013,,2028,15495184000
Start in 2013,,2029,13995039000
Start in 2013,,2030,12613712000
Start in 2013,,2031,11346996000
Start in 2013,,2032,10189579000
Start in 2013,,2033,9135433000
Start in 2013,,2034,8178107400
Start in 2013,,2035,7310965000
Start in 2013,,2036,6527356000
Start in 2013,,2037,5820745700
Start in 2013,,2038,5184814000
Start in 2013,,2039,4613513000
Start in 2013,,2040,4101121800
Start in 2013,,2041,3642266000
Start in 2013,,2042,3231929000
Start in 2013,,2043,2865464000
Start in 2013,,2044,2538577200
Start in 2013,,2045,2247327000
Start in 2013,,2046,1988105100
Start in 2013,,2047,1757619100
Start in 2013,,2048,1552876900
Start in 2013,,2049,1371163900
Start in 2013,,2050,1210024000
Start in 2013,,2051,1067240000
Start in 2013,,2052,940816000
Start in 2013,,2053,828956000
Start in 2013,,2054,730049000
Start in 2013,,2055,642650000
Start in 2013,,2056,565468000
Start in 2013,,2057,497347000
Start in 2013,,2058,437256000
Start in 2013,,2059,384277000
Start in 2013,,2060,337592000
Start in 2013,,2061,296472000
Start in 2013,,2062,260272000
Start in 2013,,2063,228414990
Start in 2013,,2064,200394000
Start in 2013,,2065,175754990
Start in 2013,,2066,154100000
Start in 2013,,2067,135075000
Start in 2013,,2068,118365000
Start in 2013,,2069,103694000
Start in 2013,,2070,90818000
Start in 2013,,2071,79521000
Start in 2013,,2072,69611000
Start in 2013,,2073,60923000
Start in 2013,,2074,53306000
Start in 2013,,2075,46631000
Start in 2013,,2076,40784000
Start in 2013,,2077,35662000
Start in 2013,,2078,31176000
Start in 2013,,2079,27250000
Start in 2013,,2080,23813000
Start in 2013,,2081,20806000
Start in 2013,,2082,18176000
Start in 2013,,2083,15875001
Start in 2013,,2084,13863000
Start in 2013,,2085,12104000
Start in 2013,,2086,10566000
Start in 2013,,2087,9222000
Start in 2013,,2088,8048000
Start in 2013,,2089,7022000
Start in 2013,,2090,6127000
Start in 2013,,2091,5344000
Start in 2013,,2092,4661000
Start in 2013,,2093,4065000
Start in 2013,,2094,3544000
Start in 2013,,2095,3090000
Start in 2013,,2096,2693000
Start in 2013,,2097,2348000
Start in 2013,,2098,2046000
Start in 2013,,2099,1783000
Start in 2013,,2100,1553000
Start in 2014,,2014,41303966000
Start in 2014,,2015,41564610000
Start in 2014,,2016,40824308000
Start in 2014,,2017,39376495000
Start in 2014,,2018,37449250000
Start in 2014,,2019,35218260000
Start in 2014,,2020,32817414000
Start in 2014,,2021,30347346000
Start in 2014,,2022,27882402000
Start in 2014,,2023,25476254000
Start in 2014,,2024,23166403000
Start in 2014,,2025,20977830000
Start in 2014,,2026,18925894000
Start in 2014,,2027,17018649000
Start in 2014,,2028,15258693000
Start in 2014,,2029,13644611000
Start in 2014,,2030,12172117000
Start in 2014,,2031,10834951000
Start in 2014,,2032,9625559000
Start in 2014,,2033,8535619600
Start in 2014,,2034,7556447000
Start in 2014,,2035,6679279600
Start in 2014,,2036,5895503000
Start in 2014,,2037,5196796000
Start in 2014,,2038,4575241000
Start in 2014,,2039,4023384000
Start in 2014,,2040,3534278000
Start in 2014,,2041,3101493000
Start in 2014,,2042,2719121000
Start in 2014,,2043,2381761000
Start in 2014,,2044,2084500100
Start in 2014,,2045,1822889000
Start in 2014,,2046,1592911000
Start in 2014,,2047,1390955000
Start in 2014,,2048,1213783900
Start in 2014,,2049,1058498050
Start in 2014,,2050,922516000
Start in 2014,,2051,803535000
Start in 2014,,2052,699511000
Start in 2014,,2053,608632000
Start in 2014,,2054,529290980
Start in 2014,,2055,460071000
Start in 2014,,2056,399717000
Start in 2014,,2057,347126980
Start in 2014,,2058,301328000
Start in 2014,,2059,261465010
Start in 2014,,2060,226786000
Start in 2014,,2061,196632000
Start in 2014,,2062,170426000
Start in 2014,,2063,147660000
Start in 2014,,2064,127893000
Start in 2014,,2065,110736000
Start in 2014,,2066,95850000
Start in 2014,,2067,82940000
Start in 2014,,2068,71748000
Start in 2014,,2069,62049000
Start in 2014,,2070,53646000
Start in 2014,,2071,46369000
Start in 2014,,2072,40069000
Start in 2014,,2073,34616000
Start in 2014,,2074,29898000
Start in 2014,,2075,25817000
Start in 2014,,2076,22288000
Start in 2014,,2077,19237000
Start in 2014,,2078,16601000
Start in 2014,,2079,14322000
Start in 2014,,2080,12354000
Start in 2014,,2081,10654000
Start in 2014,,2082,9187000
Start in 2014,,2083,7920000
Start in 2014,,2084,6826000
Start in 2014,,2085,5883000
Start in 2014,,2086,5069000
Start in 2014,,2087,4367000
Start in 2014,,2088,3761000
Start in 2014,,2089,3239000
Start in 2014,,2090,2789000
Start in 2014,,2091,2401000
Start in 2014,,2092,2066999.9
Start in 2014,,2093,1779000
Start in 2014,,2094,1531000
Start in 2014,,2095,1318000
Start in 2014,,2096,1134000
Start in 2014,,2097,975000
Start in 2014,,2098,839000
Start in 2014,,2099,721000
Start in 2014,,2100,620000
Start in 2015,,2015,41480360000
Start in 2015,,2016,41499873000
Start in 2015,,2017,40465936000
Start in 2015,,2018,38712820000
Start in 2015,,2019,36495176000
Start in 2015,,2020,34004883000
Start in 2015,,2021,31384580000
Start in 2015,,2022,28738454000
Start in 2015,,2023,26140860000
Start in 2015,,2024,23643190000
Start in 2015,,2025,21279263000
Start in 2015,,2026,19069639000
Start in 2015,,2027,17024968000
Start in 2015,,2028,15148612000
Start in 2015,,2029,13438709000
Start in 2015,,2030,11889731000
Start in 2015,,2031,10493707000
Start in 2015,,2032,9241143000
Start in 2015,,2033,8121691600
Start in 2015,,2034,7124674600
Start in 2015,,2035,6239448000
Start in 2015,,2036,5455657000
Start in 2015,,2037,4763416000
Start in 2015,,2038,4153421800
Start in 2015,,2039,3617013000
Start in 2015,,2040,3146205000
Start in 2015,,2041,2733696000
Start in 2015,,2042,2372843000
Start in 2015,,2043,2057647000
Start in 2015,,2044,1782709000
Start in 2015,,2045,1543193000
Start in 2015,,2046,1334784000
Start in 2015,,2047,1153643000
Start in 2015,,2048,996367000
Start in 2015,,2049,859945000
Start in 2015,,2050,741720960
Start in 2015,,2051,639356000
Start in 2015,,2052,550795000
Start in 2015,,2053,474235000
Start in 2015,,2054,408099000
Start in 2015,,2055,351007000
Start in 2015,,2056,301755000
Start in 2015,,2057,259293000
Start in 2015,,2058,222706000
Start in 2015,,2059,191200000
Start in 2015,,2060,164083000
Start in 2015,,2061,140756000
Start in 2015,,2062,120700000
Start in 2015,,2063,103463000
Start in 2015,,2064,88657000
Start in 2015,,2065,75944000
Start in 2015,,2066,65033004
Start in 2015,,2067,55671000
Start in 2015,,2068,47643000
Start in 2015,,2069,40761000
Start in 2015,,2070,34862000
Start in 2015,,2071,29809000
Start in 2015,,2072,25482000
Start in 2015,,2073,21777000
Start in 2015,,2074,18607000
Start in 2015,,2075,15893999
Start in 2015,,2076,13573000
Start in 2015,,2077,11589000
Start in 2015,,2078,9892000
Start in 2015,,2079,8442000
Start in 2015,,2080,7203000
Start in 2015,,2081,6145000
Start in 2015,,2082,5241000
Start in 2015,,2083,4469000
Start in 2015,,2084,3810000
Start in 2015,,2085,3248000
Start in 2015,,2086,2768000
Start in 2015,,2087,2359000
Start in 2015,,2088,2010000
Start in 2015,,2089,1712000
Start in 2015,,2090,1458000
Start in 2015,,2091,1242000
Start in 2015,,2092,1057000
Start in 2015,,2093,900000
Start in 2015,,2094,766000
Start in 2015,,2095,652000
Start in 2015,,2096,555000
Start in 2015,,2097,472000
Start in 2015,,2098,402000
Start in 2015,,2099,342000
Start in 2015,,2100,291000
Start in 2016,,2016,41012740000
Start in 2016,,2017,40741188000
Start in 2016,,2018,39417610000
Start in 2016,,2019,37400785000
Start in 2016,,2020,34959010000
Start in 2016,,2021,32290350000
Start in 2016,,2022,29538568000
Start in 2016,,2023,26805772000
Start in 2016,,2024,24162294000
Start in 2016,,2025,21654452000
Start in 2016,,2026,19310619000
Start in 2016,,2027,17145914000
Start in 2016,,2028,15165843000
Start in 2016,,2029,13369078000
Start in 2016,,2030,11749594000
Start in 2016,,2031,10298269000
Start in 2016,,2032,9004084000
Start in 2016,,2033,7855021000
Start in 2016,,2034,6838688000
Start in 2016,,2035,5942790000
Start in 2016,,2036,5155438000
Start in 2016,,2037,4465357000
Start in 2016,,2038,3862012000
Start in 2016,,2039,3335671800
Start in 2016,,2040,2877441800
Start in 2016,,2041,2479249000
Start in 2016,,2042,2133817000
Start in 2016,,2043,1834625900
Start in 2016,,2044,1575865100
Start in 2016,,2045,1352372100
Start in 2016,,2046,1159583000
Start in 2016,,2047,993474000
Start in 2016,,2048,850511040
Start in 2016,,2049,727594050
Start in 2016,,2050,622015000
Start in 2016,,2051,531410000
Start in 2016,,2052,453722020
Start in 2016,,2053,387163000
Start in 2016,,2054,330181980
Start in 2016,,2055,281437020
Start in 2016,,2056,239765010
Start in 2016,,2057,204162990
Start in 2016,,2058,173766000
Start in 2016,,2059,147829000
Start in 2016,,2060,125709000
Start in 2016,,2061,106855000
Start in 2016,,2062,90792000
Start in 2016,,2063,77115000
Start in 2016,,2064,65474004
Start in 2016,,2065,55570000
Start in 2016,,2066,47149000
Start in 2016,,2067,39990000
Start in 2016,,2068,33908000
Start in 2016,,2069,28742000
Start in 2016,,2070,24356000
Start in 2016,,2071,20633000
Start in 2016,,2072,17475000
Start in 2016,,2073,14796000
Start in 2016,,2074,12524000
Start in 2016,,2075,10599000
Start in 2016,,2076,8967000
Start in 2016,,2077,7585000
Start in 2016,,2078,6414000
Start in 2016,,2079,5423000
Start in 2016,,2080,4584000
Start in 2016,,2081,3874000
Start in 2016,,2082,3274000
Start in 2016,,2083,2765000
Start in 2016,,2084,2336000
Start in 2016,,2085,1972000.1
Start in 2016,,2086,1665000
Start in 2016,,2087,1406000
Start in 2016,,2088,1187000
Start in 2016,,2089,1001000.06
Start in 2016,,2090,845000
Start in 2016,,2091,713000
Start in 2016,,2092,601000
Start in 2016,,2093,507000.03
Start in 2016,,2094,427000
Start in 2016,,2095,360000
Start in 2016,,2096,304000
Start in 2016,,2097,256000
Start in 2016,,2098,216000
Start in 2016,,2099,182000
Start in 2016,,2100,153000
Start in 2017,,2017,41193000000
Start in 2017,,2018,40641233000
Start in 2017,,2019,38952930000
Start in 2017,,2020,36555215000
Start in 2017,,2021,33758250000
Start in 2017,,2022,30783520000
Start in 2017,,2023,27785691000
Start in 2017,,2024,24869500000
Start in 2017,,2025,22102727000
Start in 2017,,2026,19526089000
Start in 2017,,2027,17160806000
Start in 2017,,2028,15014294000
Start in 2017,,2029,13084444000
Start in 2017,,2030,11362819000
Start in 2017,,2031,9836996000
Start in 2017,,2032,8492273000
Start in 2017,,2033,7312900000
Start in 2017,,2034,6282925000
Start in 2017,,2035,5386782000
Start in 2017,,2036,4609665000
Start in 2017,,2037,3937763800
Start in 2017,,2038,3358382800
Start in 2017,,2039,2859985200
Start in 2017,,2040,2432191000
Start in 2017,,2041,2065733000
Start in 2017,,2042,1752391000
Start in 2017,,2043,1484918000
Start in 2017,,2044,1256955000
Start in 2017,,2045,1062943000
Start in 2017,,2046,898049000
Start in 2017,,2047,758074000
Start in 2017,,2048,639392960
Start in 2017,,2049,538873000
Start in 2017,,2050,453824000
Start in 2017,,2051,381931000
Start in 2017,,2052,321216000
Start in 2017,,2053,269982000
Start in 2017,,2054,226785010
Start in 2017,,2055,190391000
Start in 2017,,2056,159750990
Start in 2017,,2057,133972010
Start in 2017,,2058,112298000
Start in 2017,,2059,94085000
Start in 2017,,2060,78790000
Start in 2017,,2061,65953000
Start in 2017,,2062,55185000
Start in 2017,,2063,46156000
Start in 2017,,2064,38589000
Start in 2017,,2065,32251000
Start in 2017,,2066,26944000
Start in 2017,,2067,22503000
Start in 2017,,2068,18788000
Start in 2017,,2069,15681000
Start in 2017,,2070,13083000
Start in 2017,,2071,10913000
Start in 2017,,2072,9100000
Start in 2017,,2073,7586000
Start in 2017,,2074,6323000
Start in 2017,,2075,5268000
Start in 2017,,2076,4388000
Start in 2017,,2077,3655000
Start in 2017,,2078,3043000
Start in 2017,,2079,2533000
Start in 2017,,2080,2108000
Start in 2017,,2081,1754000
Start in 2017,,2082,1459000
Start in 2017,,2083,1213000
Start in 2017,,2084,1009000
Start in 2017,,2085,839000
Start in 2017,,2086,697000
Start in 2017,,2087,579000
Start in 2017,,2088,481000
Start in 2017,,2089,400000
Start in 2017,,2090,332000
Start in 2017,,2091,276000
Start in 2017,,2092,229000
Start in 2017,,2093,190000
Start in 2017,,2094,158000
Start in 2017,,2095,130999.99
Start in 2017,,2096,109000
Start in 2017,,2097,90000
Start in 2017,,2098,75000
Start in 2017,,2099,62000
Start in 2017,,2100,51000
Start in 2018,,2018,42101180000
Start in 2018,,2019,41345530000
Start in 2018,,2020,39182283000
Start in 2018,,2021,36209920000
Start in 2018,,2022,32842793000
Start in 2018,,2023,29361023000
Start in 2018,,2024,25947808000
Start in 2018,,2025,22717112000
Start in 2018,,2026,19734139000
Start in 2018,,2027,17030374000
Start in 2018,,2028,14614528000
Start in 2018,,2029,12480436000
Start in 2018,,2030,10612713000
Start in 2018,,2031,8990722000
Start in 2018,,2032,7591309300
Start in 2018,,2033,6390671000
Start in 2018,,2034,5365549000
Start in 2018,,2035,4493982700
Start in 2018,,2036,3755730000
Start in 2018,,2037,3132468000
Start in 2018,,2038,2607842800
Start in 2018,,2039,2167418000
Start in 2018,,2040,1798570000
Start in 2018,,2041,1490342000
Start in 2018,,2042,1233285000
Start in 2018,,2043,1019295000
Start in 2018,,2044,841457000
Start in 2018,,2045,693892030
Start in 2018,,2046,571623040
Start in 2018,,2047,470448000
Start in 2018,,2048,386833020
Start in 2018,,2049,317809000
Start in 2018,,2050,260893000
Start in 2018,,2051,214007000
Start in 2018,,2052,175422000
Start in 2018,,2053,143696000
Start in 2018,,2054,117631000
Start in 2018,,2055,96235000
Start in 2018,,2056,78685000
Start in 2018,,2057,64300000
Start in 2018,,2058,52516000
Start in 2018,,2059,42870000
Start in 2018,,2060,34979000
Start in 2018,,2061,28527000
Start in 2018,,2062,23255000
Start in 2018,,2063,18949000
Start in 2018,,2064,15434000
Start in 2018,,2065,12566000
Start in 2018,,2066,10227000
Start in 2018,,2067,8321000.5
Start in 2018,,2068,6767000
Start in 2018,,2069,5502000
Start in 2018,,2070,4471000
Start in 2018,,2071,3633000
Start in 2018,,2072,2951000
Start in 2018,,2073,2396000
Start in 2018,,2074,1945000
Start in 2018,,2075,1579000
Start in 2018,,2076,1281000
Start in 2018,,2077,1039000
Start in 2018,,2078,842000
Start in 2018,,2079,683000
Start in 2018,,2080,554000
Start in 2018,,2081,449000
Start in 2018,,2082,363000
Start in 2018,,2083,294000
Start in 2018,,2084,238000
Start in 2018,,2085,193000
Start in 2018,,2086,156000
Start in 2018,,2087,126000
Start in 2018,,2088,102000
Start in 2018,,2089,83000
Start in 2018,,2090,67000
Start in 2018,,2091,54000
Start in 2018,,2092,44000
Start in 2018,,2093,35000
Start in 2018,,2094,29000
Start in 2018,,2095,23000
Start in 2018,,2096,19000
Start in 2018,,2097,15000
Start in 2018,,2098,12000
Start in 2018,,2099,10000
Start in 2018,,2100,8000
Start in 2019,,2019,42332380000
Start in 2019,,2020,41332478000
Start in 2019,,2021,38641510000
Start in 2019,,2022,35070616000
Start in 2019,,2023,31151630000
Start in 2019,,2024,27221699000
Start in 2019,,2025,23483927000
Start in 2019,,2026,20050629000
Start in 2019,,2027,16973886000
Start in 2019,,2028,14266962000
Start in 2019,,2029,11919118000
Start in 2019,,2030,9905747000
Start in 2019,,2031,8195149300
Start in 2019,,2032,6752966000
Start in 2019,,2033,5544983000
Start in 2019,,2034,4538798000
Start in 2019,,2035,3704740000
Start in 2019,,2036,3016277000
Start in 2019,,2037,2450104000
Start in 2019,,2038,1986037000
Start in 2019,,2039,1606785000
Start in 2019,,2040,1297670000
Start in 2019,,2041,1046325000
Start in 2019,,2042,842401000
Start in 2019,,2043,677280000
Start in 2019,,2044,543823000
Start in 2019,,2045,436138980
Start in 2019,,2046,349385000
Start in 2019,,2047,279593000
Start in 2019,,2048,223523000
Start in 2019,,2049,178531000
Start in 2019,,2050,142471000
Start in 2019,,2051,113601000
Start in 2019,,2052,90511000
Start in 2019,,2053,72060000
Start in 2019,,2054,57331000
Start in 2019,,2055,45582000
Start in 2019,,2056,36218000
Start in 2019,,2057,28761000
Start in 2019,,2058,22826000
Start in 2019,,2059,18106000
Start in 2019,,2060,14354000
Start in 2019,,2061,11374000
Start in 2019,,2062,9009000
Start in 2019,,2063,7132000
Start in 2019,,2064,5644000
Start in 2019,,2065,4464000
Start in 2019,,2066,3530000
Start in 2019,,2067,2790000
Start in 2019,,2068,2204000
Start in 2019,,2069,1741000
Start in 2019,,2070,1374000
Start in 2019,,2071,1085000
Start in 2019,,2072,856000
Start in 2019,,2073,675000
Start in 2019,,2074,532000
Start in 2019,,2075,420000
Start in 2019,,2076,331000
Start in 2019,,2077,261000.02
Start in 2019,,2078,205000
Start in 2019,,2079,162000
Start in 2019,,2080,127000.01
Start in 2019,,2081,100000
Start in 2019,,2082,79000
Start in 2019,,2083,62000
Start in 2019,,2084,49000
Start in 2019,,2085,38000
Start in 2019,,2086,30000
Start in 2019,,2087,24000
Start in 2019,,2088,19000
Start in 2019,,2089,15000
Start in 2019,,2090,11000
Start in 2019,,2091,9000
Start in 2019,,2092,7000
Start in 2019,,2093,6000
Start in 2019,,2094,4000
Start in 2019,,2095,3000
Start in 2019,,2096,3000
Start in 2019,,2097,2000
Start in 2019,,2098,2000
Start in 2019,,2099,1000
Start in 2019,,2100,1000
Start in 2020,,2020,42332380000
Start in 2020,,2021,41042410000
Start in 2020,,2022,37693740000
Start in 2020,,2023,33411095000
Start in 2020,,2024,28881742000
Start in 2020,,2025,24504893000
Start in 2020,,2026,20493490000
Start in 2020,,2027,16942914000
Start in 2020,,2028,13876853000
Start in 2020,,2029,11277490000
Start in 2020,,2030,9104991000
Start in 2020,,2031,7309788000
Start in 2020,,2032,5840061400
Start in 2020,,2033,4646052000
Start in 2020,,2034,3682342100
Start in 2020,,2035,2908840000
Start in 2020,,2036,2290997000
Start in 2020,,2037,1799569000
Start in 2020,,2038,1410143000
Start in 2020,,2039,1102565000
Start in 2020,,2040,860350000
Start in 2020,,2041,670115000
Start in 2020,,2042,521063970
Start in 2020,,2043,404535000
Start in 2020,,2044,313615000
Start in 2020,,2045,242804000
Start in 2020,,2046,187747000
Start in 2020,,2047,145006990
Start in 2020,,2048,111874000
Start in 2020,,2049,86225000
Start in 2020,,2050,66391996
Start in 2020,,2051,51075000
Start in 2020,,2052,39259000
Start in 2020,,2053,30152000
Start in 2020,,2054,23140000
Start in 2020,,2055,17746000
Start in 2020,,2056,13600000
Start in 2020,,2057,10416000
Start in 2020,,2058,7973000.5
Start in 2020,,2059,6099000
Start in 2020,,2060,4663000
Start in 2020,,2061,3563000
Start in 2020,,2062,2721000
Start in 2020,,2063,2077000
Start in 2020,,2064,1585000
Start in 2020,,2065,1209000
Start in 2020,,2066,922000
Start in 2020,,2067,702000
Start in 2020,,2068,535000
Start in 2020,,2069,407000
Start in 2020,,2070,310000
Start in 2020,,2071,236000
Start in 2020,,2072,179000
Start in 2020,,2073,136000
Start in 2020,,2074,104000
Start in 2020,,2075,79000
Start in 2020,,2076,60000
Start in 2020,,2077,45000
Start in 2020,,2078,35000
Start in 2020,,2079,26000
Start in 2020,,2080,20000
Start in 2020,,2081,15000
Start in 2020,,2082,11000
Start in 2020,,2083,9000
Start in 2020,,2084,7000
Start in 2020,,2085,5000
Start in 2020,,2086,4000
Start in 2020,,2087,3000
Start in 2020,,2088,2000
Start in 2020,,2089,2000
Start in 2020,,2090,1000
Start in 2020,,2091,1000
Start in 2020,,2092,1000
Start in 2020,,2093,1000
Start in 2020,,2094,0
Start in 2020,,2095,0
Start in 2020,,2096,0
Start in 2020,,2097,0
Start in 2020,,2098,0
Start in 2020,,2099,0
Start in 2020,,2100,0
Start in 2021,,2021,42332380000
Start in 2021,,2022,40577364000
Start in 2021,,2023,36303593000
Start in 2021,,2024,31112765000
Start in 2021,,2025,25891381000
Start in 2021,,2026,21090284000
Start in 2021,,2027,16902384000
Start in 2021,,2028,13374058000
Start in 2021,,2029,10473725000
Start in 2021,,2030,8132996600
Start in 2021,,2031,6270597000
Start in 2021,,2032,4805504000
Start in 2021,,2033,3663590000
Start in 2021,,2034,2780401000
Start in 2021,,2035,2101749900
Start in 2021,,2036,1583167000
Start in 2021,,2037,1188806000
Start in 2021,,2038,890172000
Start in 2021,,2039,664870000
Start in 2021,,2040,495451000
Start in 2021,,2041,368432000
Start in 2021,,2042,273453000
Start in 2021,,2043,202602000
Start in 2021,,2044,149866000
Start in 2021,,2045,110692000
Start in 2021,,2046,81644000
Start in 2021,,2047,60141000
Start in 2021,,2048,44249000
Start in 2021,,2049,32520000
Start in 2021,,2050,23874000
Start in 2021,,2051,17510000
Start in 2021,,2052,12831000
Start in 2021,,2053,9393000
Start in 2021,,2054,6871000
Start in 2021,,2055,5023000
Start in 2021,,2056,3668000
Start in 2021,,2057,2678000
Start in 2021,,2058,1953000
Start in 2021,,2059,1424000
Start in 2021,,2060,1037000
Start in 2021,,2061,755000
Start in 2021,,2062,550000
Start in 2021,,2063,400000
Start in 2021,,2064,291000
Start in 2021,,2065,211000
Start in 2021,,2066,153000
Start in 2021,,2067,111000
Start in 2021,,2068,81000
Start in 2021,,2069,59000
Start in 2021,,2070,42000
Start in 2021,,2071,31000
Start in 2021,,2072,22000
Start in 2021,,2073,16000
Start in 2021,,2074,12000
Start in 2021,,2075,8000
Start in 2021,,2076,6000
Start in 2021,,2077,4000
Start in 2021,,2078,3000
Start in 2021,,2079,2000
Start in 2021,,2080,2000
Start in 2021,,2081,1000
Start in 2021,,2082,1000
Start in 2021,,2083,1000
Start in 2021,,2084,0
Start in 2021,,2085,0
Start in 2021,,2086,0
Start in 2021,,2087,0
Start in 2021,,2088,0
Start in 2021,,2089,0
Start in 2021,,2090,0
Start in 2021,,2091,0
Start in 2021,,2092,0
Start in 2021,,2093,0
Start in 2021,,2094,0
Start in 2021,,2095,0
Start in 2021,,2096,0
Start in 2021,,2097,0
Start in 2021,,2098,0
Start in 2021,,2099,0
Start in 2021,,2100,0
Start in 2022,,2022,42332380000
Start in 2022,,2023,39757136000
Start in 2022,,2024,34154471000
Start in 2022,,2025,27842464000
Start in 2022,,2026,21925597000
Start in 2022,,2027,16847797000
Start in 2022,,2028,12711116000
Start in 2022,,2029,9454998000
Start in 2022,,2030,6953793000
Start in 2022,,2031,5067189000
Start in 2022,,2032,3664141000
Start in 2022,,2033,2632417000
Start in 2022,,2034,1880705000
Start in 2022,,2035,1337193000
Start in 2022,,2036,946757000
Start in 2022,,2037,667836000
Start in 2022,,2038,469535000
Start in 2022,,2039,329144000
Start in 2022,,2040,230118000
Start in 2022,,2041,160499000
Start in 2022,,2042,111699000
Start in 2022,,2043,77582000
Start in 2022,,2044,53787000
Start in 2022,,2045,37228000
Start in 2022,,2046,25727000
Start in 2022,,2047,17753000
Start in 2022,,2048,12235000
Start in 2022,,2049,8421000
Start in 2022,,2050,5790000
Start in 2022,,2051,3976000
Start in 2022,,2052,2728000
Start in 2022,,2053,1870000
Start in 2022,,2054,1280000
Start in 2022,,2055,876000
Start in 2022,,2056,599000
Start in 2022,,2057,409000
Start in 2022,,2058,279000
Start in 2022,,2059,191000
Start in 2022,,2060,130000
Start in 2022,,2061,89000
Start in 2022,,2062,60000
Start in 2022,,2063,41000
Start in 2022,,2064,28000
Start in 2022,,2065,19000
Start in 2022,,2066,13000
Start in 2022,,2067,9000
Start in 2022,,2068,6000
Start in 2022,,2069,4000
Start in 2022,,2070,3000
Start in 2022,,2071,2000
Start in 2022,,2072,1000
Start in 2022,,2073,1000
Start in 2022,,2074,1000
Start in 2022,,2075,0
Start in 2022,,2076,0
Start in 2022,,2077,0
Start in 2022,,2078,0
Start in 2022,,2079,0
Start in 2022,,2080,0
Start in 2022,,2081,0
Start in 2022,,2082,0
Start in 2022,,2083,0
Start in 2022,,2084,0
Start in 2022,,2085,0
Start in 2022,,2086,0
Start in 2022,,2087,0
Start in 2022,,2088,0
Start in 2022,,2089,0
Start in 2022,,2090,0
Start in 2022,,2091,0
Start in 2022,,2092,0
Start in 2022,,2093,0
Start in 2022,,2094,0
Start in 2022,,2095,0
Start in 2022,,2096,0
Start in 2022,,2097,0
Start in 2022,,2098,0
Start in 2022,,2099,0
Start in 2022,,2100,0
Start in 2023,,2023,42332380000
Start in 2023,,2024,38408696000
Start in 2023,,2025,30868450000
Start in 2023,,2026,23225635000
Start in 2023,,2027,16764503000
Start in 2023,,2028,11760012000
Start in 2023,,2029,8079100400
Start in 2023,,2030,5462703000
Start in 2023,,2031,3647599900
Start in 2023,,2032,2411048000
Start in 2023,,2033,1580422000
Start in 2023,,2034,1028710000
Start in 2023,,2035,665609000
Start in 2023,,2036,428461000
Start in 2023,,2037,274573000
Start in 2023,,2038,175265000
Start in 2023,,2039,111486000
Start in 2023,,2040,70696000
Start in 2023,,2041,44706000
Start in 2023,,2042,28199000
Start in 2023,,2043,17747000
Start in 2023,,2044,11146000
Start in 2023,,2045,6987000
Start in 2023,,2046,4372000
Start in 2023,,2047,2731000
Start in 2023,,2048,1704000
Start in 2023,,2049,1061000
Start in 2023,,2050,660000
Start in 2023,,2051,410000
Start in 2023,,2052,254999.98
Start in 2023,,2053,158000
Start in 2023,,2054,98000
Start in 2023,,2055,61000
Start in 2023,,2056,37000
Start in 2023,,2057,23000
Start in 2023,,2058,14000
Start in 2023,,2059,9000
Start in 2023,,2060,5000
Start in 2023,,2061,3000
Start in 2023,,2062,2000
Start in 2023,,2063,1000
Start in 2023,,2064,1000
Start in 2023,,2065,0
Start in 2023,,2066,0
Start in 2023,,2067,0
Start in 2023,,2068,0
Start in 2023,,2069,0
Start in 2023,,2070,0
Start in 2023,,2071,0
Start in 2023,,2072,0
Start in 2023,,2073,0
Start in 2023,,2074,0
Start in 2023,,2075,0
Start in 2023,,2076,0
Start in 2023,,2077,0
Start in 2023,,2078,0
Start in 2023,,2079,0
Start in 2023,,2080,0
Start in 2023,,2081,0
Start in 2023,,2082,0
Start in 2023,,2083,0
Start in 2023,,2084,0
Start in 2023,,2085,0
Start in 2023,,2086,0
Start in 2023,,2087,0
Start in 2023,,2088,0
Start in 2023,,2089,0
Start in 2023,,2090,0
Start in 2023,,2091,0
Start in 2023,,2092,0
Start in 2023,,2093,0
Start in 2023,,2094,0
Start in 2023,,2095,0
Start in 2023,,2096,0
Start in 2023,,2097,0
Start in 2023,,2098,0
Start in 2023,,2099,0
Start in 2023,,2100,0
Start in 2024,,2024,42332380000
Start in 2024,,2025,35981533000
Start in 2024,,2026,25543916000
Start in 2024,,2027,16622347000
Start in 2024,,2028,10273821000
Start in 2024,,2029,6137236000
Start in 2024,,2030,3578423000
Start in 2024,,2031,2049005000
Start in 2024,,2032,1156881000
Start in 2024,,2033,645888960
Start in 2024,,2034,357306980
Start in 2024,,2035,196159000
Start in 2024,,2036,106997000
Start in 2024,,2037,58040000
Start in 2024,,2038,31333000
Start in 2024,,2039,16845000
Start in 2024,,2040,9022000
Start in 2024,,2041,4817000
Start in 2024,,2042,2564000
Start in 2024,,2043,1361000
Start in 2024,,2044,721000
Start in 2024,,2045,381000
Start in 2024,,2046,201000
Start in 2024,,2047,106000
Start in 2024,,2048,56000
Start in 2024,,2049,29000
Start in 2024,,2050,15000
Start in 2024,,2051,8000
Start in 2024,,2052,4000
Start in 2024,,2053,2000
Start in 2024,,2054,1000
Start in 2024,,2055,1000
Start in 2024,,2056,0
Start in 2024,,2057,0
Start in 2024,,2058,0
Start in 2024,,2059,0
Start in 2024,,2060,0
Start in 2024,,2061,0
Start in 2024,,2062,0
Start in 2024,,2063,0
Start in 2024,,2064,0
Start in 2024,,2065,0
Start in 2024,,2066,0
Start in 2024,,2067,0
Start in 2024,,2068,0
Start in 2024,,2069,0
Start in 2024,,2070,0
Start in 2024,,2071,0
Start in 2024,,2072,0
Start in 2024,,2073,0
Start in 2024,,2074,0
Start in 2024,,2075,0
Start in 2024,,2076,0
Start in 2024,,2077,0
Start in 2024,,2078,0
Start in 2024,,2079,0
Start in 2024,,2080,0
Start in 2024,,2081,0
Start in 2024,,2082,0
Start in 2024,,2083,0
Start in 2024,,2084,0
Start in 2024,,2085,0
Start in 2024,,2086,0
Start in 2024,,2087,0
Start in 2024,,2088,0
Start in 2024,,2089,0
Start in 2024,,2090,0
Start in 2024,,2091,0
Start in 2024,,2092,0
Start in 2024,,2093,0
Start in 2024,,2094,0
Start in 2024,,2095,0
Start in 2024,,2096,0
Start in 2024,,2097,0
Start in 2024,,2098,0
Start in 2024,,2099,0
Start in 2024,,2100,0
Start in 2025,,2025,42332380000
Start in 2025,,2026,30556142000
Start in 2025,,2027,16334835000
Start in 2025,,2028,7738021000
Start in 2025,,2029,3432257000
Start in 2025,,2030,1460608000
Start in 2025,,2031,604088000
Start in 2025,,2032,244690990
Start in 2025,,2033,97551000
Start in 2025,,2034,38407000
Start in 2025,,2035,14969000
Start in 2025,,2036,5785000
Start in 2025,,2037,2220000
Start in 2025,,2038,847000
Start in 2025,,2039,322000
Start in 2025,,2040,121000
Start in 2025,,2041,46000
Start in 2025,,2042,17000
Start in 2025,,2043,6000
Start in 2025,,2044,2000
Start in 2025,,2045,1000
Start in 2025,,2046,0
Start in 2025,,2047,0
Start in 2025,,2048,0
Start in 2025,,2049,0
Start in 2025,,2050,0
Start in 2025,,2051,0
Start in 2025,,2052,0
Start in 2025,,2053,0
Start in 2025,,2054,0
Start in 2025,,2055,0
Start in 2025,,2056,0
Start in 2025,,2057,0
Start in 2025,,2058,0
Start in 2025,,2059,0
Start in 2025,,2060,0
Start in 2025,,2061,0
Start in 2025,,2062,0
Start in 2025,,2063,0
Start in 2025,,2064,0
Start in 2025,,2065,0
Start in 2025,,2066,0
Start in 2025,,2067,0
Start in 2025,,2068,0
Start in 2025,,2069,0
Start in 2025,,2070,0
Start in 2025,,2071,0
Start in 2025,,2072,0
Start in 2025,,2073,0
Start in 2025,,2074,0
Start in 2025,,2075,0
Start in 2025,,2076,0
Start in 2025,,2077,0
Start in 2025,,2078,0
Start in 2025,,2079,0
Start in 2025,,2080,0
Start in 2025,,2081,0
Start in 2025,,2082,0
Start in 2025,,2083,0
Start in 2025,,2084,0
Start in 2025,,2085,0
Start in 2025,,2086,0
Start in 2025,,2087,0
Start in 2025,,2088,0
Start in 2025,,2089,0
Start in 2025,,2090,0
Start in 2025,,2091,0
Start in 2025,,2092,0
Start in 2025,,2093,0
Start in 2025,,2094,0
Start in 2025,,2095,0
Start in 2025,,2096,0
Start in 2025,,2097,0
Start in 2025,,2098,0
Start in 2025,,2099,0
Start in 2025,,2100,0
Start in 2026,,2026,42332380000
Start in 2026,,2027,15452112000
Start in 2026,,2028,3006805000
Start in 2026,,2029,488678980
Start in 2026,,2030,72801000
Start in 2026,,2031,10301000
Start in 2026,,2032,1409000
Start in 2026,,2033,188000
Start in 2026,,2034,25000
Start in 2026,,2035,3000
Start in 2026,,2036,0
Start in 2026,,2037,0
Start in 2026,,2038,0
Start in 2026,,2039,0
Start in 2026,,2040,0
Start in 2026,,2041,0
Start in 2026,,2042,0
Start in 2026,,2043,0
Start in 2026,,2044,0
Start in 2026,,2045,0
Start in 2026,,2046,0
Start in 2026,,2047,0
Start in 2026,,2048,0
Start in 2026,,2049,0
Start in 2026,,2050,0
Start in 2026,,2051,0
Start in 2026,,2052,0
Start in 2026,,2053,0
Start in 2026,,2054,0
Start in 2026,,2055,0
Start in 2026,,2056,0
Start in 2026,,2057,0
Start in 2026,,2058,0
Start in 2026,,2059,0
Start in 2026,,2060,0
Start in 2026,,2061,0
Start in 2026,,2062,0
Start in 2026,,2063,0
Start in 2026,,2064,0
Start in 2026,,2065,0
Start in 2026,,2066,0
Start in 2026,,2067,0
Start in 2026,,2068,0
Start in 2026,,2069,0
Start in 2026,,2070,0
Start in 2026,,2071,0
Start in 2026,,2072,0
Start in 2026,,2073,0
Start in 2026,,2074,0
Start in 2026,,2075,0
Start in 2026,,2076,0
Start in 2026,,2077,0
Start in 2026,,2078,0
Start in 2026,,2079,0
Start in 2026,,2080,0
Start in 2026,,2081,0
Start in 2026,,2082,0
Start in 2026,,2083,0
Start in 2026,,2084,0
Start in 2026,,2085,0
Start in 2026,,2086,0
Start in 2026,,2087,0
Start in 2026,,2088,0
Start in 2026,,2089,0
Start in 2026,,2090,0
Start in 2026,,2091,0
Start in 2026,,2092,0
Start in 2026,,2093,0
Start in 2026,,2094,0
Start in 2026,,2095,0
Start in 2026,,2096,0
Start in 2026,,2097,0
Start in 2026,,2098,0
Start in 2026,,2099,0
Start in 2026,,2100,0